sequence,domain,n_frames,n_valid,absence_rate,median_fov_h,median_fov_v,fov_area_p05,fov_area_p95,scale_ratio_p95_p05,polar_fraction,seam_fraction,angular_step_p50_deg,angular_step_p95_deg,scene_tags,manual_video_label,baseline_auc,baseline_sr,baseline_fps,baseline_scored_frames,baseline_mean_frame_iou,baseline_mean_frame_dual_iou,lost_segment_count,longest_lost_segment,first_lost_frame,lost_frame_fraction,sutrack_t224_auc,sutrack_t224_sr,sutrack_t224_fps,sutrack_t224_auc_delta,sutrack_b224_auc,sutrack_b224_sr,sutrack_b224_fps,sutrack_b224_auc_delta,uetrack_auc,uetrack_sr,uetrack_fps,uetrack_auc_delta,lorat_auc,lorat_sr,lorat_fps,lorat_auc_delta,ft_v4_ep1_auc,ft_v4_ep1_sr,ft_v4_ep1_fps,ft_v4_ep1_auc_delta,ft_v4_ep4_auc,ft_v4_ep4_sr,ft_v4_ep4_fps,ft_v4_ep4_auc_delta,ft_ep6_auc,ft_ep6_sr,ft_ep6_fps,ft_ep6_auc_delta,ft_ep7_auc,ft_ep7_sr,ft_ep7_fps,ft_ep7_auc_delta,best_method,best_auc,best_auc_delta
train_real/seq_0001,train_real,1637,1637,0.0,40.807,69.701,1958.3312522,3723.5942212,1.9014118357233454,0.0,0.0,0.09516611912331153,0.27718491874350604,,,0.7855978577249971,1.0,18.751691494263557,1636,0.7991279169740034,0.7991279169740034,0,0,-1,0.0,0.826551402957271,1.0,48.43215377629991,0.0409535452322739,nan,nan,nan,nan,nan,nan,nan,nan,nan,nan,nan,nan,nan,nan,nan,nan,nan,nan,nan,nan,nan,nan,nan,nan,nan,nan,nan,nan,sutrack_t224,0.826551402957271,0.0409535452322739
train_real/seq_0002,train_real,2256,2256,0.0,32.7605,33.447500000000005,240.79910124999998,3321.507345,13.793686636527678,0.0,0.0,0.3670141386402716,1.3273042357934353,scale,,0.6226375250765495,0.8651884700665189,23.086074339144346,2255,0.6288869017628083,0.6288869017628083,43,55,260,0.13481152993348117,0.7504804138950479,0.9343680709534368,50.095981416609845,0.12784288881849848,0.6195755464048147,0.7871396895787139,28.407300968380497,-0.003061978671734744,0.7211910041178333,0.9370288248337029,52.987557019721564,0.09855347904128386,0.755337345581248,0.9277161862527716,9.335086509685512,0.13269982050469853,0.6046246436490339,0.8465631929046563,13.383358972652186,-0.01801288142751556,0.6120367437440608,0.8682926829268293,13.440844890407067,-0.010600781332488651,0.6001900538485906,0.8461197339246119,14.378183238546843,-0.02244747122795887,0.6029775102945835,0.8461197339246119,15.904013521841458,-0.019660014781965995,lorat,0.755337345581248,0.13269982050469853
train_real/seq_0003,train_real,2210,2210,0.0,39.7385,65.547,555.7059891,5035.2233805,9.060948557806356,0.0,0.06923076923076923,0.3281743748988182,0.8022777634988271,scale,,0.8769104744659293,0.974649162516976,23.518524694460034,2209,0.8940975527584836,0.9056890838273896,14,12,1365,0.025350837483023993,0.8910302011252667,0.9963784517881394,49.71380890002626,0.014119726659337362,0.8847356054236997,0.9990946129470348,27.836745350670387,0.007825130957770376,0.9079092026126881,0.996831145314622,54.10578890376648,0.030998728146758858,0.9165319364504517,0.996831145314622,9.364153062466066,0.03962146198452243,0.7624221259350277,0.9665006790402897,15.947170881249491,-0.11448834853090162,0.7783095130311065,0.9646899049343595,12.75440340084623,-0.09860096143482278,0.7493586841708163,0.958804889090086,14.237613324438493,-0.127551790295113,0.7650089460863566,0.9655952919873246,15.3785881420521,-0.11190152837957268,lorat,0.9165319364504517,0.03962146198452243
train_real/seq_0004,train_real,963,963,0.0,14.799,31.111,213.8013057,2724.1295338,12.741407377663176,0.0,0.04880581516095535,0.8068098474580411,2.9011500108240464,scale;hard;drift,,0.31793881793881795,0.23804573804573806,24.689657570215786,962,0.300726848037488,0.300726848037488,13,165,49,0.761954261954262,0.46020196020196025,0.3898128898128898,47.269407743229536,0.1422631422631423,0.2924957924957925,0.16943866943866945,27.182293443136423,-0.025443025443025458,0.5994455994455993,0.5727650727650727,53.4999771543301,0.2815067815067813,0.7454707454707454,0.997920997920998,8.984451560072445,0.4275319275319275,0.31125631125631126,0.18087318087318088,16.543799159320624,-0.006682506682506695,0.31496881496881496,0.18711018711018712,13.100211192230091,-0.002970002970002994,0.2906642906642907,0.14760914760914762,14.49228815304135,-0.027274527274527227,0.3198693198693199,0.19126819126819128,15.355987495968451,0.0019305019305019266,lorat,0.7454707454707454,0.4275319275319275
train_real/seq_0005,train_real,835,835,0.0,14.518,22.816,163.6707774,3034.8077313,18.542147715735112,0.0,0.0,0.4599703397651109,1.550098637204526,scale,,0.6053442959917781,0.6714628297362111,25.012024521390106,834,0.6112612774775481,0.6112612774775481,11,105,49,0.328537170263789,0.5816489665410529,0.5455635491606715,50.87911719690113,-0.023695329450725167,nan,nan,nan,nan,nan,nan,nan,nan,nan,nan,nan,nan,nan,nan,nan,nan,nan,nan,nan,nan,nan,nan,nan,nan,nan,nan,nan,nan,baseline,0.6053442959917781,0.0
train_real/seq_0006,train_real,920,920,0.0,51.9285,25.6465,689.5171377500001,4929.763002099997,7.149587344828829,0.075,0.0,0.8093892276588257,4.526498378252151,scale,,0.6480128504067568,0.7301414581066377,24.886024335517135,919,0.6539405691095846,0.6545896272175294,12,192,433,0.26985854189336234,0.584745323591896,0.7105549510337323,39.450895673940614,-0.06326752681486081,nan,nan,nan,nan,nan,nan,nan,nan,nan,nan,nan,nan,nan,nan,nan,nan,nan,nan,nan,nan,nan,nan,nan,nan,nan,nan,nan,nan,baseline,0.6480128504067568,0.0
train_real/seq_0007,train_real,2165,2164,0.0004618937644341736,27.073999999999998,40.7375,139.75163125,1720.6190575,12.311978344081046,0.0,0.019408502772643253,0.3181815469229076,1.244127998242758,scale,,0.44889153072232135,0.6324549237170597,24.953763390128618,2163,0.43835707116609085,0.43846865685918635,20,648,389,0.36754507628294036,0.5411135327917574,0.7156726768377254,49.82702158031358,0.0922220020694361,0.6532593619972261,0.7739251040221914,27.845906235180696,0.20436783127490477,0.23038989058406537,0.2616736014794267,53.461100436235945,-0.218501640138256,0.23320784624529428,0.26907073509015256,8.928566262999677,-0.21568368447702707,0.42489487704466905,0.613962089690245,15.503110647091198,-0.023996653677652302,0.43766373863461244,0.6269070735090153,13.920834628808775,-0.01122779208770891,0.4180701406776303,0.613962089690245,15.167893854724602,-0.030821390044691033,0.4206018977170156,0.6162736939435969,15.516422175340205,-0.028289633005305737,sutrack_b224,0.6532593619972261,0.20436783127490477
train_real/seq_0008,train_real,1791,1791,0.0,8.148,15.186,44.2199685,423.369776,9.574176336195265,0.07202680067001675,0.10664433277498604,0.6021606221453171,3.107092522338139,small;seam;scale,,0.5291566906092046,0.6536312849162011,25.466418996455065,1790,0.5239469098239993,0.5260236172687675,17,399,529,0.3463687150837989,0.4712423516892791,0.5832402234636872,40.343325264300965,-0.05791433891992548,nan,nan,nan,nan,nan,nan,nan,nan,nan,nan,nan,nan,nan,nan,nan,nan,nan,nan,nan,nan,nan,nan,nan,nan,nan,nan,nan,nan,baseline,0.5291566906092046,0.0
train_real/seq_0009,train_real,5738,5738,0.0,33.668,62.908,1330.40320655,4631.71736079999,3.4814388134338268,0.012547926106657371,0.24172185430463577,0.6502858876363041,1.9773210950651579,seam,,0.563817160121849,0.727209342862123,22.908173100626065,5737,0.564817037880813,0.6110230116835231,128,351,195,0.2727906571378769,0.5896312159167311,0.7751438033815583,45.63520924324651,0.02581405579488205,nan,nan,nan,nan,nan,nan,nan,nan,nan,nan,nan,nan,nan,nan,nan,nan,nan,nan,nan,nan,nan,nan,nan,nan,nan,nan,nan,nan,sutrack_t224,0.5896312159167311,0.02581405579488205
train_real/seq_0010,train_real,5755,5755,0.0,27.201,49.332,514.4763958999999,2395.537380600002,4.656262949458285,0.0682884448305821,0.1944396177237185,0.7731165102874525,2.0001463474446353,seam;scale;hard;drift,,0.07660095668437693,0.005213764337851929,11.743270463949457,5754,0.0479458171359942,0.08519891664642537,4,5698,6,0.9947862356621481,0.07250442756177897,0.004866180048661801,18.439922706726534,-0.004096529122597961,nan,nan,nan,nan,nan,nan,nan,nan,nan,nan,nan,nan,nan,nan,nan,nan,nan,nan,nan,nan,nan,nan,nan,nan,nan,nan,nan,nan,baseline,0.07660095668437693,0.0
train_real/seq_0011,train_real,5530,5530,0.0,22.4715,51.822500000000005,508.6701225,5844.000156650001,11.488782018350216,0.03291139240506329,0.19421338155515372,0.6165775880510217,1.8252357007565194,seam;scale,,0.6866220534153252,0.8970880810273105,23.91184807508169,5529,0.6950011932948841,0.7195987457312968,82,38,19,0.10291191897268946,0.677716628340611,0.8634472779887864,45.156756955016476,-0.008905425074714257,nan,nan,nan,nan,nan,nan,nan,nan,nan,nan,nan,nan,nan,nan,nan,nan,nan,nan,nan,nan,nan,nan,nan,nan,nan,nan,nan,nan,baseline,0.6866220534153252,0.0
train_real/seq_0012,train_real,5480,5480,0.0,32.0445,52.081,547.6638324,5527.087591100001,10.092117215188228,0.0677007299270073,0.0989051094890511,0.5852545887163575,1.660858090671673,scale,,0.5775124066783129,0.7848147472166453,23.31229503524504,5479,0.5796099250216084,0.5891978780610964,154,197,4,0.21518525278335462,0.5893150470628112,0.802518707793393,42.96467376357336,0.011802640384498297,0.6132679755603647,0.8525278335462676,28.688356833883592,0.03575556888205178,0.5693339938640176,0.7517795218105494,46.26082486455081,-0.008178412814295322,0.6106779999826175,0.8443146559591166,8.866009671419379,0.033165593304304575,0.6298507722125171,0.8112794305530207,16.58042534944311,0.05233836553420412,0.6568890743010107,0.8673115532031392,13.722302507302391,0.0793766676226978,0.6264003685065924,0.8065340390582223,14.432834494784219,0.04888796182827948,0.6377336844575391,0.8443146559591166,14.561089747320741,0.060221277779226146,ft_v4_ep4,0.6568890743010107,0.0793766676226978
train_real/seq_0013,train_real,5604,575,0.8973947180585297,2.558,2.899,1.0350272,47.832262799999995,46.213532166111186,0.0,0.0,0.2502996356137911,0.8993640729611015,small;scale;absent;hard;drift,,0.3300149328023892,0.34843205574912894,25.136374747338266,574,0.30595633840000425,0.30595633840000425,1,374,201,0.6515679442508711,0.3364858138377303,0.34843205574912894,46.57913372390666,0.006470881035341103,0.33739837398373984,0.34843205574912894,28.266245526804642,0.007383441181350647,0.3413804546208727,0.34668989547038326,45.91047385776001,0.011365521818483493,0.3230462916874067,0.34843205574912894,8.268553025474475,-0.006968641114982521,0.33889165422266465,0.34843205574912894,14.728214211023602,0.008876721420275457,0.337149493943919,0.34843205574912894,17.722630365262415,0.007134561141529827,0.34079973452795753,0.34843205574912894,18.071867617669916,0.010784801725568338,0.34005309440849507,0.34843205574912894,15.674562720149442,0.010038161606105878,uetrack,0.3413804546208727,0.011365521818483493
train_real/seq_0014,train_real,6184,6183,0.0001617076326002609,12.139,21.317,122.3746268,567.7189739999994,4.639188603433595,0.10367135694646612,0.15267669416141033,0.46814450078039344,1.362297273409774,seam;scale,,0.7104650983654542,0.939178259462957,25.6332708344615,6182,0.7198793213797737,0.7319044625835492,48,74,213,0.06082174053704303,0.6539107393199921,0.8515043675186024,42.055654057033685,-0.05655435904546213,nan,nan,nan,nan,nan,nan,nan,nan,nan,nan,nan,nan,nan,nan,nan,nan,nan,nan,nan,nan,nan,nan,nan,nan,nan,nan,nan,nan,baseline,0.7104650983654542,0.0
train_real/seq_0015,train_real,1368,658,0.5190058479532164,67.10749999999999,111.9685,4994.6475033,11283.221925299998,2.259062710200288,0.0,0.12917933130699089,1.0668054961873512,3.0751324077743503,large;seam;absent;hard;drift,,0.25237370442849894,0.1111111111111111,9.874724253119783,657,0.23238189588660788,0.33645576687871737,16,163,10,0.8888888888888888,0.2420091324200914,0.0654490106544901,26.207176620643942,-0.010364572008407541,0.22461404653185482,0.0700152207001522,22.070309744724266,-0.027759657896644113,0.20200043487714725,0.0471841704718417,12.945960553194288,-0.050373269551351685,0.2396173081104588,0.1019786910197869,8.590223022807859,-0.012756396318040125,0.2252663622526636,0.1187214611872146,6.986831986594068,-0.027107342175835325,0.2206276726824672,0.1293759512937595,8.058113692187728,-0.031746031746031744,0.22736826846415886,0.1354642313546423,7.772174865143373,-0.025005435964340073,0.2217873450750163,0.1293759512937595,7.3759697656349426,-0.03058635935348264,baseline,0.25237370442849894,0.0
train_real/seq_0016,train_real,2487,2487,0.0,17.242,20.961,282.0988391,551.6308559999999,1.9554524143378507,0.9312424607961399,0.2915158825894652,0.38637896887481676,1.042616906655614,polar;seam;hard;drift,,0.05953338696701528,0.0,10.001474043029816,2486,0.03467239307860624,0.0465344080857088,1,2486,1,1.0,0.38915067233651307,0.3801287208366854,41.898680013195154,0.3296172853694978,0.22610427920162432,0.15406275140788414,27.186925807934042,0.16657089223460902,0.24610198061525496,0.1407884151246983,29.09241790864944,0.1865685936482397,0.09452936444086887,0.0,9.499486590100915,0.03499597747385359,0.42929931425506646,0.42759452936444087,15.26741166256132,0.3697659272880512,0.20716009654062748,0.10458567980691874,12.707458903711116,0.14762670957361218,0.19804237060874227,0.10780370072405471,12.121581249468884,0.13850898364172698,0.21606711872198597,0.12670957361222848,14.449810704251751,0.1565337317549707,ft_v4_ep1,0.42929931425506646,0.3697659272880512
train_real/seq_0017,train_real,1397,1397,0.0,33.779,87.206,2152.8505895999997,3975.8941322,1.8468044886193065,0.0,0.16678596993557623,1.020047310088816,2.151977058272008,seam,,0.8573134124710055,0.9871060171919771,25.518784842395917,1396,0.8747928355456027,0.8759053612470881,3,12,132,0.012893982808022923,0.8314572247237002,0.9842406876790831,42.50090183428059,-0.025856187747305248,nan,nan,nan,nan,nan,nan,nan,nan,nan,nan,nan,nan,nan,nan,nan,nan,nan,nan,nan,nan,nan,nan,nan,nan,nan,nan,nan,nan,baseline,0.8573134124710055,0.0
train_real/seq_0018,train_real,3788,3788,0.0,16.789,29.820999999999998,47.64544065000002,941.4619043999995,19.759748079903616,0.05939809926082365,0.15945089757127773,0.3746187472252694,1.217197864935115,seam;scale,,0.5449972965156489,0.6773171375759176,27.31669622710992,3787,0.5411486031124882,0.5440777560438339,28,222,184,0.32241880116186955,0.6299872999107221,0.7773963559545815,41.979627870478105,0.08499000339507323,nan,nan,nan,nan,nan,nan,nan,nan,nan,nan,nan,nan,nan,nan,nan,nan,nan,nan,nan,nan,nan,nan,nan,nan,nan,nan,nan,nan,sutrack_t224,0.6299872999107221,0.08499000339507323
train_real/seq_0019,train_real,5003,4990,0.002598440935438706,9.0265,21.113500000000002,49.76211925,574.9001276000001,11.55296712167258,0.0,0.13046092184368738,0.2381163029472178,0.8785600763314776,small;seam;scale,,0.8186009220284627,0.9903788334335538,27.850220336889493,4989,0.8345551754317542,0.8350987776444653,28,6,487,0.009621166566446182,0.7362864969599786,0.9047905391862097,40.701160160223665,-0.08231442506848408,nan,nan,nan,nan,nan,nan,nan,nan,nan,nan,nan,nan,nan,nan,nan,nan,nan,nan,nan,nan,nan,nan,nan,nan,nan,nan,nan,nan,baseline,0.8186009220284627,0.0
train_real/seq_0020,train_real,12246,12234,0.0009799118079373281,23.5745,47.961,221.66136949999998,3507.4472897500004,15.82344861290772,0.0010626123916952755,0.09825077652444009,0.38757151301335735,1.5279877705329596,scale,,0.6657947083026786,0.8514673424343988,26.37074432556426,12233,0.6726848892940992,0.6881967194568699,88,677,5,0.14853265756560124,0.5039607930149906,0.6094171503310717,40.7941653936343,-0.16183391528768798,0.6865737875302168,0.8675713234693043,25.62303108823053,0.02077907922753819,0.5331480421809859,0.6654949726150576,35.91070393821278,-0.13264666612169274,0.5384109337350571,0.6708902149922341,8.049836268617925,-0.1273837745676215,0.6968076202932738,0.8521213112073899,19.96096340492279,0.031012911990595193,0.6990381209297256,0.8523665494972615,20.052692958026,0.033243412627047,0.6966168794011514,0.8513855963377749,17.04860232647551,0.03082217109847274,0.7064419816810891,0.8666721164064416,15.028504283403912,0.04064727337841045,ft_ep7,0.7064419816810891,0.04064727337841045
train_real/seq_0021,train_real,1655,1652,0.0018126888217522286,12.163499999999999,23.738,207.47567955000002,357.9407638,1.7252179367545537,0.0,0.026634382566585957,0.28118659708959765,0.8623891662325727,,,0.8797265726399586,0.9927316777710479,28.78885655129709,1651,0.8984582592958065,0.8984582592958065,1,12,1587,0.0072683222289521504,0.8131002855412304,0.9794064203513022,42.87700280083819,-0.0666262870987282,nan,nan,nan,nan,nan,nan,nan,nan,nan,nan,nan,nan,nan,nan,nan,nan,nan,nan,nan,nan,nan,nan,nan,nan,nan,nan,nan,nan,baseline,0.8797265726399586,0.0
train_real/seq_0022,train_real,15311,15311,0.0,19.963,45.819,293.6738925,2443.742448,8.32127918214589,0.0323296976030305,0.12311410097315656,0.28532119230965247,1.2459664943470807,seam;scale,,0.5114335479456316,0.5991508817766166,27.84375589716943,15310,0.5042879478632869,0.5067697584687324,91,893,67,0.4007838014369693,0.49204690367329157,0.5897452645329849,39.71084823846458,-0.019386644272339992,0.1544368759914155,0.129523187459177,25.913831230654964,-0.356996671954216,0.5144909956144443,0.5898105813193991,43.67868462776392,0.003057447668812774,0.7074834375291592,0.8708687132593076,7.849854148991972,0.19604988958352765,0.5398898945600448,0.6301763553233181,17.644954031116246,0.028456346614413208,0.5686790457528537,0.6678641410842586,17.793434476404713,0.0572454978072221,0.5071319710117881,0.5827563683866753,16.89461572906856,-0.004301576933843476,0.5767161208049516,0.6736120182887002,19.795751232699313,0.06528257285932004,lorat,0.7074834375291592,0.19604988958352765
train_real/seq_0023,train_real,3748,3748,0.0,57.081,74.5515,2678.019092,6582.205562849999,2.457863568827014,0.0,0.0,0.38974701498348263,1.702431589126302,,,0.6065169595994256,0.8542834267413931,26.665188641916945,3747,0.6081955014307958,0.688100160579214,35,97,177,0.14571657325860687,0.5079619250956321,0.7203095809981318,38.48914236577462,-0.09855503450379355,nan,nan,nan,nan,nan,nan,nan,nan,nan,nan,nan,nan,nan,nan,nan,nan,nan,nan,nan,nan,nan,nan,nan,nan,nan,nan,nan,nan,baseline,0.6065169595994256,0.0
train_real/seq_0024,train_real,3214,3213,0.000311138767890462,21.646,33.523,106.08848720000002,4819.346248799995,45.427608367291285,0.0,0.0,0.364484259980272,1.5647954266987738,scale,,0.7235812133072408,0.8636363636363636,29.760875500496006,3212,0.7312063932861471,0.7312063932861471,10,404,1802,0.13636363636363635,0.7512601553697443,0.9265255292652553,40.26201913213453,0.027678942062503542,nan,nan,nan,nan,nan,nan,nan,nan,nan,nan,nan,nan,nan,nan,nan,nan,nan,nan,nan,nan,nan,nan,nan,nan,nan,nan,nan,nan,sutrack_t224,0.7512601553697443,0.027678942062503542
train_real/seq_0025,train_real,895,895,0.0,43.459,105.503,1130.1886939,11106.069378199994,9.826739055295015,0.0,0.07597765363128492,0.7562052071669783,2.9307935601884303,large;scale,,0.5688185788856929,0.7416107382550335,26.330501607760393,894,0.5684341414905889,0.6598674198735432,23,91,21,0.25838926174496646,0.5760093746670928,0.7371364653243848,38.882149506141076,0.007190795781399917,nan,nan,nan,nan,nan,nan,nan,nan,nan,nan,nan,nan,nan,nan,nan,nan,nan,nan,nan,nan,nan,nan,nan,nan,nan,nan,nan,nan,sutrack_t224,0.5760093746670928,0.007190795781399917
train_real/seq_0026,train_real,29457,13518,0.5410937977390773,24.116,52.895,116.27032104999999,3555.0042607499995,30.575337099320752,0.0,0.28880011836070424,0.257549910475714,1.3811724874705027,seam;scale;absent;hard;drift,,0.202235632730565,0.20337352962935562,25.627923479124366,13517,0.17397239121316208,0.22360517189326315,57,4426,103,0.7966264703706444,0.5477758166964352,0.6583561441148184,39.5710099264207,0.34554018396587016,0.4920329602581581,0.5902197233113856,25.651926671040084,0.28979732752759313,0.4848039681952533,0.5717984759931938,38.00704270849903,0.2825683354646883,0.5485085800244489,0.6696752237922616,8.231436916685741,0.3462729472938839,0.12157530023920497,0.07035584819116668,12.75216197923646,-0.08066033249136002,0.5014708110069508,0.592661093437893,16.390795593105555,0.2992351782763858,0.5197581881017554,0.6176666420063623,16.649073969493685,0.31752255537119045,0.521903634576565,0.6207738403491899,11.895308015342083,0.31966800184599997,lorat,0.5485085800244489,0.3462729472938839
train_real/seq_0027,train_real,793,793,0.0,45.349,103.384,3069.6605234,9097.6676472,2.9637373832867007,0.0,0.1828499369482976,1.28481245455861,5.655023095262561,large;seam;fast;hard;drift,,0.09415584415584417,0.006313131313131313,11.53807345441862,792,0.061449031488682436,0.12503748628883468,4,666,3,0.9936868686868687,0.10708273208273208,0.012626262626262626,22.481290293597606,0.012926887926887912,nan,nan,nan,nan,nan,nan,nan,nan,nan,nan,nan,nan,nan,nan,nan,nan,nan,nan,nan,nan,nan,nan,nan,nan,nan,nan,nan,nan,sutrack_t224,0.10708273208273208,0.012926887926887912
train_real/seq_0028,train_real,3373,3373,0.0,40.982,90.472,2253.687354,7389.4635808,3.278832606343852,0.0,0.3071449747998814,0.773598505026583,3.6881955277671596,seam,,0.7412302999491612,0.9765717674970344,27.140782694906296,3372,0.7534013119605318,0.7583111293080841,33,10,138,0.0234282325029656,0.7454527481217872,0.9801304863582444,39.913773474519516,0.004222448172625959,nan,nan,nan,nan,nan,nan,nan,nan,nan,nan,nan,nan,nan,nan,nan,nan,nan,nan,nan,nan,nan,nan,nan,nan,nan,nan,nan,nan,sutrack_t224,0.7454527481217872,0.004222448172625959
train_real/seq_0029,train_real,1282,1280,0.0015600624024960652,3.761,12.285,24.967214400000003,72.81148929999999,2.9162840569030393,0.0,0.0,0.12081848837586735,0.39205460678049303,small,,0.7642131129230426,0.9859265050820953,31.47714727697834,1279,0.7783296212173545,0.7783296212173545,6,11,69,0.014073494917904612,0.7304441714136788,0.9749804534792806,42.54350465273716,-0.033768941509363826,nan,nan,nan,nan,nan,nan,nan,nan,nan,nan,nan,nan,nan,nan,nan,nan,nan,nan,nan,nan,nan,nan,nan,nan,nan,nan,nan,nan,baseline,0.7642131129230426,0.0
train_real/seq_0030,train_real,4771,4771,0.0,40.061,66.671,2607.9796945000003,10496.3713485,4.024713601350473,0.0,0.555858310626703,0.16203338487555297,0.9380967222904268,seam;scale;drift,,0.49795347908555454,0.4610062893081761,25.246937901963054,4770,0.4978262802180235,0.4978262802180235,185,281,242,0.5389937106918239,0.5057801737047021,0.4589098532494759,39.966518043427634,0.007826694619147534,0.31083158630328445,0.0870020964360587,25.929712817755213,-0.1871218927822701,0.5026155535589497,0.4077568134171908,37.16508201828517,0.0046620744733951724,0.5138464610162723,0.6530398322851153,8.52426643565065,0.015892981930717753,0.33572926025756217,0.0819706498951782,13.185052483004444,-0.16222421882799237,0.3392832185285015,0.08448637316561845,14.030821878364808,-0.15867026055705302,0.3466407107916542,0.0859538784067086,11.1431635049978,-0.15131276829390033,0.3393730657881601,0.08364779874213836,12.323046061513669,-0.15858041329739442,lorat,0.5138464610162723,0.015892981930717753
train_real/seq_0031,train_real,5816,74,0.9872764786795049,186.7065,182.34050000000002,31524.6472713,81739.26172165,2.5928683997065787,0.0,0.0,2.0773426511351722,17.6670909325244,large;fast;absent,,0.6438356164383561,0.7671232876712328,13.480278531121002,73,0.6463003237543333,0.8368702762301439,7,7,1,0.2328767123287671,0.3842139595564253,0.3972602739726027,25.989890267879677,-0.2596216568819308,0.3692106979778212,0.410958904109589,18.626969716646293,-0.2746249184605349,0.4344422700587085,0.4931506849315068,11.524353565800121,-0.20939334637964757,0.19699934768427918,0.2054794520547945,8.21257589159798,-0.4468362687540769,0.3515981735159817,0.4931506849315068,4.940929028604248,-0.29223744292237436,0.4018264840182648,0.5068493150684932,6.760222148288347,-0.24200913242009126,0.39791258969341164,0.5068493150684932,6.3525444169540215,-0.24592302674494443,0.370515329419439,0.4931506849315068,4.944046676406567,-0.2733202870189171,baseline,0.6438356164383561,0.0
train_real/seq_0032,train_real,3143,2333,0.25771555838370985,12.047,16.943,10.9290824,1858.1040108000002,170.01464009457922,0.0,0.03857693956279468,0.30953475407562886,1.0767595997913149,scale;absent;hard;drift,,0.28936943559585065,0.31689536878216124,28.327357132609496,2332,0.2647236040925172,0.2647236040925172,15,1469,538,0.6826758147512865,0.3849750878052765,0.45926243567753,41.904976096792964,0.09560565220942585,nan,nan,nan,nan,nan,nan,nan,nan,nan,nan,nan,nan,nan,nan,nan,nan,nan,nan,nan,nan,nan,nan,nan,nan,nan,nan,nan,nan,sutrack_t224,0.3849750878052765,0.09560565220942585
train_real/seq_0033,train_real,8775,8775,0.0,138.085,139.674,13296.873975,41828.21682269999,3.145718076394718,0.0025071225071225073,0.050484330484330486,0.8054346704275661,2.904231653700983,large;hard;drift,,0.3192278050951404,0.13027125598358788,10.537611033289826,8774,0.30817886838059955,0.3992178475309577,300,1410,1,0.8697287440164121,0.33338217894862526,0.2549578299521313,29.844279971145323,0.014154373853484836,0.24840709021242416,0.13471620697515385,23.698793771520357,-0.07082071488271627,0.31648702334820406,0.22760428538864827,13.953020585393412,-0.0027407817469363716,0.2785448348475474,0.12970139047184864,8.006692261412118,-0.04068297024759304,0.34250545442704083,0.15078641440620014,8.014511195348282,0.023277649331900407,0.3475256982209341,0.15488944609072258,6.914057587557789,0.02829789312579367,0.35327862624420636,0.1651470253020287,7.510152726597977,0.034050821149065935,0.34814983663855326,0.16036015500341919,4.329776609166314,0.02892203154341283,ft_ep6,0.35327862624420636,0.034050821149065935
train_real/seq_0034,train_real,5002,4377,0.12495001999200317,8.77,22.928,1.757352,5811.3904711999985,3306.90178814489,0.0,0.06008681745487777,0.297423870156224,1.4620603714201146,small;scale;absent,,0.726321058587969,0.8238117001828154,30.710516980426174,4376,0.7338167596632859,0.7351340521418963,11,688,65,0.17618829981718465,0.6649364498998869,0.8135283363802559,41.46136920342572,-0.061384608688082154,nan,nan,nan,nan,nan,nan,nan,nan,nan,nan,nan,nan,nan,nan,nan,nan,nan,nan,nan,nan,nan,nan,nan,nan,nan,nan,nan,nan,baseline,0.726321058587969,0.0
train_real/seq_0035,train_real,3773,3322,0.11953352769679304,8.4705,23.0395,5.35792855,7529.341070200001,1405.2708989932316,0.0,0.012642986152919929,0.4195256293228662,1.7975033424582119,small;scale;absent,,0.6825826988428614,0.8256549232158988,29.820691214665786,3321,0.6875079469846792,0.6924344204467371,9,543,48,0.17434507678410116,0.6511521199868084,0.7898223426678711,42.3301826729674,-0.03143057885605294,nan,nan,nan,nan,nan,nan,nan,nan,nan,nan,nan,nan,nan,nan,nan,nan,nan,nan,nan,nan,nan,nan,nan,nan,nan,nan,nan,nan,baseline,0.6825826988428614,0.0
train_real/seq_0036,train_real,1943,1943,0.0,11.915,27.545,20.957828600000003,5757.939399099994,274.7393114523321,0.0,0.02161605764282038,0.584782516399506,1.639802422890614,scale,,0.7950321220146142,0.9969104016477858,30.948711277955077,1942,0.8094499047790324,0.8101832424511339,3,3,64,0.003089598352214212,0.7620764062576628,0.9691040164778579,43.659293511053924,-0.03295571575695133,nan,nan,nan,nan,nan,nan,nan,nan,nan,nan,nan,nan,nan,nan,nan,nan,nan,nan,nan,nan,nan,nan,nan,nan,nan,nan,nan,nan,baseline,0.7950321220146142,0.0
train_real/seq_0037,train_real,3163,3163,0.0,11.081,23.295,16.863945,19232.7542969,1140.4659050358619,0.0,0.1030667088207398,0.4544189971816117,1.5226279407348726,seam;scale;hard;drift,,0.10099093400801178,0.03984819734345351,10.059542230247603,3162,0.06382937834707114,0.0715309592805149,4,2976,106,0.9601518026565465,0.10222583657118763,0.03984819734345351,18.427147247319034,0.0012349025631758492,nan,nan,nan,nan,nan,nan,nan,nan,nan,nan,nan,nan,nan,nan,nan,nan,nan,nan,nan,nan,nan,nan,nan,nan,nan,nan,nan,nan,sutrack_t224,0.10222583657118763,0.0012349025631758492
train_real/seq_0038,train_real,4194,4176,0.0042918454935622075,9.337499999999999,20.854,16.51982825,12452.560131,753.7947696883592,0.0,0.2013888888888889,0.368028659854355,1.9476105951425497,small;seam;scale,,0.6599030510407756,0.8510179640718563,26.92229215266024,4175,0.6682030174516783,0.6689705285889564,68,55,27,0.1489820359281437,0.49250071285999425,0.604311377245509,44.32882144075011,-0.16740233818078137,nan,nan,nan,nan,nan,nan,nan,nan,nan,nan,nan,nan,nan,nan,nan,nan,nan,nan,nan,nan,nan,nan,nan,nan,nan,nan,nan,nan,baseline,0.6599030510407756,0.0
train_real/seq_0039,train_real,3676,3403,0.074265505984766,7.598,16.621,3.534018300000002,15222.9403065,4307.5442779965215,0.0002938583602703497,0.0,0.4625468827020579,2.724296428782696,small;scale;absent,,0.6653089219226785,0.7983539094650206,28.479093396347274,3402,0.670404696437258,0.720056910440878,44,177,153,0.20164609053497942,0.562862181909801,0.6887125220458554,39.125903147945486,-0.10244674001287757,nan,nan,nan,nan,nan,nan,nan,nan,nan,nan,nan,nan,nan,nan,nan,nan,nan,nan,nan,nan,nan,nan,nan,nan,nan,nan,nan,nan,baseline,0.6653089219226785,0.0
train_real/seq_0040,train_real,3794,3787,0.0018450184501844769,8.902,21.968,6.809055499999999,6332.3431920999865,929.9884825582619,0.0,0.0,0.3764910259220179,1.9621197776183674,small;scale,,0.8252584710587882,0.9477020602218701,29.128161062840547,3786,0.840667236909349,0.8478374356326807,44,32,15,0.05229793977812995,0.7321711568938194,0.8750660327522451,43.943967046702554,-0.09308731416496885,nan,nan,nan,nan,nan,nan,nan,nan,nan,nan,nan,nan,nan,nan,nan,nan,nan,nan,nan,nan,nan,nan,nan,nan,nan,nan,nan,nan,baseline,0.8252584710587882,0.0
train_real/seq_0041,train_real,3781,3781,0.0,55.381,105.64,3552.389223,12751.47005,3.589547555048418,0.0,0.14096799788415762,0.9668396607326566,3.2658217250386863,large;seam;hard;drift,,0.07688334593096498,0.0,7.237362061411244,3780,0.05989233192385015,0.062069936409200714,1,3780,1,1.0,0.08270345175107079,0.00873015873015873,13.908555743527717,0.005820105820105809,nan,nan,nan,nan,nan,nan,nan,nan,nan,nan,nan,nan,nan,nan,nan,nan,nan,nan,nan,nan,nan,nan,nan,nan,nan,nan,nan,nan,sutrack_t224,0.08270345175107079,0.005820105820105809
train_real/seq_0042,train_real,4772,4772,0.0,96.52350000000001,116.027,6604.0595832,14529.1186872,2.200028407399666,0.0018860016764459346,0.15255658005029338,0.3794881543471237,2.959650492382541,large;seam;hard;drift,,0.2478865367148746,0.03982393628170195,12.419589676261028,4771,0.23183414571899666,0.27804064696473196,61,663,4,0.960176063718298,0.18527612260582288,0.0027247956403269754,14.828625558816414,-0.06261041410905172,0.20848179976245368,0.011527981555229511,13.709570372431072,-0.039404736952420916,0.23087902106975675,0.03814713896457766,10.401441026805804,-0.01700751564511785,0.23094888762463694,0.10165583735066024,9.068630254677903,-0.01693764909023765,0.22855346288588796,0.017187172500523998,3.488141065366384,-0.019333073828986636,0.21478975157449273,0.005449591280653951,3.5140511796656666,-0.03309678514038186,0.23382339731113572,0.025361559421504927,3.5054205333710704,-0.014063139403738878,0.22661716122206585,0.010270383567386292,3.529979240217561,-0.021269375492808745,baseline,0.2478865367148746,0.0
train_real/seq_0043,train_real,2751,2751,0.0,28.863,70.246,1383.8536060000001,17042.017152,12.314898828973387,0.0,0.4198473282442748,0.19609031165116164,0.922603961943542,seam;scale;hard;drift,,0.20121212121212123,0.104,15.49450886451179,2750,0.18664449865288207,0.18961385581890616,8,2296,46,0.896,0.145991341991342,0.03709090909090909,27.359049513396293,-0.055220779220779226,0.3418354978354978,0.3090909090909091,24.545209812423412,0.1406233766233766,0.18263203463203465,0.07454545454545454,12.529245795852791,-0.018580086580086586,0.11932467532467533,0.006909090909090909,8.974089517727416,-0.0818874458874459,0.15695238095238095,0.07636363636363637,8.913724288381372,-0.04425974025974028,0.16881385281385283,0.08,10.012412043166583,-0.0323982683982684,0.16732467532467532,0.07672727272727273,9.869113577437666,-0.03388744588744591,0.17089177489177493,0.08763636363636364,9.122879857698482,-0.030320346320346303,sutrack_b224,0.3418354978354978,0.1406233766233766
train_real/seq_0044,train_real,3907,3907,0.0,14.03,24.255,45.748414600000004,2153.3749310999997,47.06993564537643,0.0,0.0,0.14321311559663286,0.49186206367025553,scale,,0.7997342306098066,0.9710701484895033,30.472059739996467,3906,0.8144225187008266,0.8144225187008266,7,68,3500,0.029185867895545316,0.8579352888108648,0.996415770609319,44.2268212147108,0.05820105820105814,nan,nan,nan,nan,nan,nan,nan,nan,nan,nan,nan,nan,nan,nan,nan,nan,nan,nan,nan,nan,nan,nan,nan,nan,nan,nan,nan,nan,sutrack_t224,0.8579352888108648,0.05820105820105814
train_real/seq_0045,train_real,3328,3328,0.0,12.4055,28.802500000000002,54.62574,1706.8520715999991,31.246296555433375,0.0,0.0,0.14758357436002692,0.5309025276784599,scale,,0.8690798230924472,0.9993988578298768,30.44681925380352,3327,0.8881934116487256,0.8881934116487256,2,1,2485,0.0006011421701232341,0.8696952781713828,0.9993988578298768,42.890584735166996,0.0006154550789355673,nan,nan,nan,nan,nan,nan,nan,nan,nan,nan,nan,nan,nan,nan,nan,nan,nan,nan,nan,nan,nan,nan,nan,nan,nan,nan,nan,nan,sutrack_t224,0.8696952781713828,0.0006154550789355673
train_real/seq_0046,train_real,2089,2089,0.0,9.374,20.817,23.0038812,720.421626,31.317394649038615,0.0,0.0,0.29200125315090564,1.1720311579842353,small;scale,,0.8760262725779968,1.0,31.272236872523052,2088,0.8949590978637291,0.8949590978637291,0,0,-1,0.0,0.8606093778507571,0.9966475095785441,44.00774524477713,-0.015416894727239727,nan,nan,nan,nan,nan,nan,nan,nan,nan,nan,nan,nan,nan,nan,nan,nan,nan,nan,nan,nan,nan,nan,nan,nan,nan,nan,nan,nan,baseline,0.8760262725779968,0.0
train_real/seq_0047,train_real,3250,3172,0.02400000000000002,19.7035,27.5535,166.06135205,2250.9080357499893,13.554677280191331,0.0,0.005359394703656999,0.6712180854498997,1.7802933703516355,scale,,0.7318706732140982,0.9754020813623463,30.212507332006457,3171,0.742054552306748,0.7426217383249684,11,36,104,0.02459791863765374,0.8333258248111609,0.978240302743614,42.50210331218745,0.10145515159706275,0.8765749125257167,0.9895931882686849,28.568061258766555,0.14470423931161858,0.848583141866018,0.9848628192999054,51.988679385719706,0.11671246865191987,0.862789265816702,0.9908546199936928,9.171995942394293,0.13091859260260386,0.8144644171134237,0.988647114474929,17.086914339715214,0.0825937438993255,0.8042678440029432,0.9877010406811731,15.183241847795717,0.072397170788845,0.8105149344506015,0.9820245979186376,15.615130849128837,0.07864426123650337,0.816867144208677,0.988647114474929,15.877530923152394,0.08499647099457885,sutrack_b224,0.8765749125257167,0.14470423931161858
train_sim/seq_0001,train_sim,1236,1192,0.035598705501618144,27.808,66.0325,627.5295031500001,3682.3240479999995,5.86796960065765,0.0,0.0,0.3542139515687593,6.257427793044936,fast;scale,,0.6988924873055856,0.9773299748110831,28.580925194998525,1191,0.7085566235629979,0.7085566235629979,11,6,388,0.022670025188916875,0.6890168325936588,0.9672544080604534,42.58254177383765,-0.009875654711926862,nan,nan,nan,nan,nan,nan,nan,nan,nan,nan,nan,nan,nan,nan,nan,nan,nan,nan,nan,nan,nan,nan,nan,nan,nan,nan,nan,nan,baseline,0.6988924873055856,0.0
train_sim/seq_0002,train_sim,1254,1188,0.052631578947368474,17.622500000000002,37.4965,310.4608838,2401.7911769499983,7.736211878135478,0.0,0.0,0.13409930333131814,4.254650285575694,scale;absent,,0.6544309383399527,0.7582139848357203,30.437618152205022,1187,0.6559005037685333,0.6559292694900164,6,193,2,0.2417860151642797,0.7611425362057207,0.9132266217354675,43.51957123072242,0.106711597865768,nan,nan,nan,nan,nan,nan,nan,nan,nan,nan,nan,nan,nan,nan,nan,nan,nan,nan,nan,nan,nan,nan,nan,nan,nan,nan,nan,nan,sutrack_t224,0.7611425362057207,0.106711597865768
train_sim/seq_0003,train_sim,1306,1306,0.0,14.002500000000001,29.12,201.294372,852.58261625,4.2355015084574745,0.004594180704441042,0.0,0.12401678285963307,4.599230656671715,scale,,0.7852216748768471,0.98544061302682,30.93316358720656,1305,0.7988386968259108,0.7988386968259108,7,4,406,0.014559386973180077,0.7625250866630177,0.9471264367816092,41.885211471023105,-0.02269658821382947,nan,nan,nan,nan,nan,nan,nan,nan,nan,nan,nan,nan,nan,nan,nan,nan,nan,nan,nan,nan,nan,nan,nan,nan,nan,nan,nan,nan,baseline,0.7852216748768471,0.0
train_sim/seq_0004,train_sim,1300,1300,0.0,48.884,75.845,1307.40222045,5491.64319655,4.2004236421289,0.0,0.0,0.4026868204522136,7.833306378593015,fast;scale,,0.6371934455075332,0.8521939953810623,26.695322842918536,1299,0.6439457858717459,0.6449790529449867,47,11,86,0.14780600461893764,0.6246929872795925,0.8052347959969207,41.85554732639419,-0.012500458227940658,nan,nan,nan,nan,nan,nan,nan,nan,nan,nan,nan,nan,nan,nan,nan,nan,nan,nan,nan,nan,nan,nan,nan,nan,nan,nan,nan,nan,baseline,0.6371934455075332,0.0
train_sim/seq_0005,train_sim,1290,1258,0.024806201550387597,25.982,59.939499999999995,421.12159740000004,7272.245411049998,17.26875433591808,0.006359300476947536,0.0,0.2400987501586764,7.645401284955485,fast;scale,,0.7224305792324885,0.8512330946698489,29.02296953636474,1257,0.731214672001247,0.7335166451535315,16,60,20,0.14876690533015116,0.7036026821229685,0.8297533810660302,38.38523266066985,-0.018827897109520042,nan,nan,nan,nan,nan,nan,nan,nan,nan,nan,nan,nan,nan,nan,nan,nan,nan,nan,nan,nan,nan,nan,nan,nan,nan,nan,nan,nan,baseline,0.7224305792324885,0.0
train_sim/seq_0006,train_sim,1296,1296,0.0,21.497500000000002,50.8665,435.05086500000004,5003.935714,11.501955556392238,0.010802469135802469,0.0,0.248006991211169,5.495479804753153,fast;scale,,0.7573818716675861,0.9459459459459459,29.397280441926725,1295,0.7700791630475525,0.7754396246335657,17,32,310,0.05405405405405406,0.7581908439051296,0.9366795366795366,44.40715858609752,0.0008089722375435038,nan,nan,nan,nan,nan,nan,nan,nan,nan,nan,nan,nan,nan,nan,nan,nan,nan,nan,nan,nan,nan,nan,nan,nan,nan,nan,nan,nan,sutrack_t224,0.7581908439051296,0.0008089722375435038
train_sim/seq_0007,train_sim,1284,1064,0.17133956386292837,18.273,42.8465,178.8167571,3834.562407899998,21.444088742508566,0.0,0.0,0.19205702316262244,7.687365564236087,fast;scale;absent,,0.7099404201944183,0.8617121354656632,30.341636815239923,1063,0.7182219448805645,0.7182219448805645,24,65,10,0.13828786453433678,0.6910361510549657,0.845719661335842,37.574743832039104,-0.018904269139452534,nan,nan,nan,nan,nan,nan,nan,nan,nan,nan,nan,nan,nan,nan,nan,nan,nan,nan,nan,nan,nan,nan,nan,nan,nan,nan,nan,nan,baseline,0.7099404201944183,0.0
train_sim/seq_0008,train_sim,916,916,0.0,32.4195,66.783,1049.23510025,4211.761321499999,4.014125452433366,0.017467248908296942,0.0,0.25381231425069106,5.813424062318328,fast;scale,,0.6743169398907105,0.9016393442622951,28.574752641262968,915,0.6826887992465321,0.6861819040248661,14,28,22,0.09836065573770492,0.6643247462919594,0.8721311475409836,43.50643560390932,-0.009992193598751142,nan,nan,nan,nan,nan,nan,nan,nan,nan,nan,nan,nan,nan,nan,nan,nan,nan,nan,nan,nan,nan,nan,nan,nan,nan,nan,nan,nan,baseline,0.6743169398907105,0.0
train_sim/seq_0009,train_sim,996,996,0.0,35.3535,63.8565,1168.2082515,4994.48689275,4.275339509318643,0.012048192771084338,0.0,0.3028054507887618,7.48913048069265,fast;scale;hard;drift,,0.20081359176836566,0.20603015075376885,30.78890872224559,995,0.1688956754377057,0.1725821486282775,10,693,24,0.7939698492462312,0.1825317061497966,0.17788944723618091,44.4444324440914,-0.018281885618569055,nan,nan,nan,nan,nan,nan,nan,nan,nan,nan,nan,nan,nan,nan,nan,nan,nan,nan,nan,nan,nan,nan,nan,nan,nan,nan,nan,nan,baseline,0.20081359176836566,0.0
train_sim/seq_0010,train_sim,450,450,0.0,52.3985,51.2275,2076.266593,3660.4742834999993,1.7630078410166856,0.07555555555555556,0.12444444444444444,0.6692394617150176,1.100612902185774,seam;hard;drift,,0.3867854491462509,0.13808463251670378,18.15268233999876,449,0.38131141025206067,0.3861684284108504,10,190,24,0.8619153674832962,0.32092480644819177,0.17817371937639198,39.16554319396709,-0.06586064269805914,nan,nan,nan,nan,nan,nan,nan,nan,nan,nan,nan,nan,nan,nan,nan,nan,nan,nan,nan,nan,nan,nan,nan,nan,nan,nan,nan,nan,baseline,0.3867854491462509,0.0
train_sim/seq_0011,train_sim,450,450,0.0,10.232,9.4295,79.3925093,149.8559982,1.8875332134136236,0.4111111111111111,0.25333333333333335,0.40138922255032666,0.5273759176869134,small;polar;seam;hard;drift,,0.0854809629865309,0.013363028953229399,29.119859520258974,449,0.049220003702152404,0.06558921706701375,2,440,6,0.9866369710467706,0.24000424223141373,0.23608017817371937,41.10830434156369,0.15452327924488282,0.26407890550429525,0.2984409799554566,28.63879215395704,0.17859794251776434,0.16640152720330895,0.13140311804008908,55.46836445356853,0.08092056421677804,0.21709619259730623,0.20489977728285078,8.823358700338845,0.13161522961077532,0.10170749814402377,0.024498886414253896,16.16607832751753,0.016226535157492866,0.12737299819705164,0.026726057906458798,14.364753485927478,0.041892035210520734,0.10743451055255064,0.028953229398663696,15.588086236260557,0.021953547566019735,0.09661682044755543,0.024498886414253896,13.887568145312954,0.011135857461024523,sutrack_b224,0.26407890550429525,0.17859794251776434
train_sim/seq_0012,train_sim,450,450,0.0,17.792,47.119,620.9032554,1256.82302835,2.024184955416808,0.013333333333333334,0.11555555555555555,1.1242888219026617,1.3170346759576819,seam;hard;drift,,0.11517658288259625,0.0400890868596882,17.561759318833968,449,0.08456298089528916,0.1255928093858468,1,431,19,0.9599109131403119,0.2420193021529324,0.25389755011135856,30.845364522745065,0.12684271927033616,nan,nan,nan,nan,nan,nan,nan,nan,nan,nan,nan,nan,nan,nan,nan,nan,nan,nan,nan,nan,nan,nan,nan,nan,nan,nan,nan,nan,sutrack_t224,0.2420193021529324,0.12684271927033616
train_sim/seq_0013,train_sim,450,450,0.0,3.3605,3.751,11.049881300000001,15.0609987,1.3630009491595172,0.03333333333333333,0.10222222222222223,1.089969309965817,1.2091610972877673,small;seam;hard;drift,,0.39526991197369815,0.49665924276169265,29.423200726414187,449,0.3803892187205435,0.3803892187205435,22,176,127,0.5033407572383074,0.4574186021847493,0.6035634743875279,26.742397323900573,0.06214869021105113,nan,nan,nan,nan,nan,nan,nan,nan,nan,nan,nan,nan,nan,nan,nan,nan,nan,nan,nan,nan,nan,nan,nan,nan,nan,nan,nan,nan,sutrack_t224,0.4574186021847493,0.06214869021105113
train_sim/seq_0014,train_sim,450,450,0.0,27.855,33.6125,560.1963246,20183.287886999908,36.02895449450064,0.008888888888888889,0.0,0.6817380229507,2.418856372870691,scale,,0.6275320818750663,0.9042316258351893,30.31598088449257,449,0.6313929044241153,0.6354860920979629,3,36,236,0.0957683741648107,0.6438646728179023,0.8997772828507795,42.67295918450291,0.01633259094283601,nan,nan,nan,nan,nan,nan,nan,nan,nan,nan,nan,nan,nan,nan,nan,nan,nan,nan,nan,nan,nan,nan,nan,nan,nan,nan,nan,nan,sutrack_t224,0.6438646728179023,0.01633259094283601
train_sim/seq_0015,train_sim,450,450,0.0,23.658,21.4545,267.02654674999997,1268.6643884999996,4.751079635867701,0.0,0.6066666666666667,0.4681262902519614,0.8033373534929954,seam;scale,,0.682362922897444,0.8930957683741648,30.529639125015517,449,0.6904545798114398,0.7701859310512557,8,19,35,0.10690423162583519,0.7435571110404072,0.9487750556792873,43.59547657293389,0.06119418814296318,0.7660409375331425,0.9510022271714922,28.376581344316534,0.08367801463569846,0.736345317637077,0.9354120267260579,46.21622057518754,0.053982394739632955,0.6961501749920458,0.8997772828507795,8.854375149557022,0.013787252094601743,0.7494962350196203,0.955456570155902,16.691858075822118,0.06713331212217621,0.7747375119312758,0.955456570155902,15.27862949112976,0.09237458903383178,0.7770707392088237,0.9532293986636972,13.211812395823927,0.0947078163113797,0.7776010181355392,0.9510022271714922,15.179339592402016,0.09523809523809512,ft_ep7,0.7776010181355392,0.09523809523809512
train_sim/seq_0016,train_sim,450,450,0.0,19.572499999999998,15.501000000000001,209.4738135,702.3977911999998,3.3531532150198804,0.0,0.0,0.26779459114804693,0.5688655247056036,,,0.9047619047619048,1.0,32.1848132228335,449,0.9246370093629026,0.9246370093629026,0,0,-1,0.0,0.9157917064375863,1.0,43.92459310974653,0.011029801675681572,nan,nan,nan,nan,nan,nan,nan,nan,nan,nan,nan,nan,nan,nan,nan,nan,nan,nan,nan,nan,nan,nan,nan,nan,nan,nan,nan,nan,sutrack_t224,0.9157917064375863,0.011029801675681572
train_sim/seq_0017,train_sim,480,480,0.0,8.7275,5.259,21.6263666,165.29005379999998,7.642987694474761,0.0,0.50625,0.5025121854134229,0.9082621778497904,small;seam;scale,,0.8300029824038174,0.9853862212943633,32.134936201149664,479,0.8452536368205743,0.8540850585242831,6,2,34,0.014613778705636743,0.8209563574908042,0.9874739039665971,44.25251653917256,-0.009046624913013224,nan,nan,nan,nan,nan,nan,nan,nan,nan,nan,nan,nan,nan,nan,nan,nan,nan,nan,nan,nan,nan,nan,nan,nan,nan,nan,nan,nan,baseline,0.8300029824038174,0.0
train_sim/seq_0018,train_sim,480,480,0.0,2.1665,4.752,6.2561875,31.472441999999994,5.030610415688467,0.0,0.0,0.5159536666190013,0.9980513816483767,small;scale;hard;drift,,0.06849587434138582,0.010438413361169102,24.468807590306746,479,0.027884833528957924,0.027884833528957924,1,474,6,0.9895615866388309,0.057858634059051575,0.012526096033402923,12.066750901301283,-0.010637240282334245,nan,nan,nan,nan,nan,nan,nan,nan,nan,nan,nan,nan,nan,nan,nan,nan,nan,nan,nan,nan,nan,nan,nan,nan,nan,nan,nan,nan,baseline,0.06849587434138582,0.0
train_sim/seq_0019,train_sim,450,450,0.0,9.6785,11.277000000000001,88.102222,264.09251359999996,2.997569273564973,0.08888888888888889,0.24888888888888888,0.42420723798186394,0.703376563107124,small;seam,,0.7990242867748434,0.9732739420935412,31.076750895379504,449,0.8134909169937959,0.8259758845544362,5,3,163,0.026726057906458798,0.7857673136069572,0.9576837416481069,46.164393161862215,-0.01325697316788621,nan,nan,nan,nan,nan,nan,nan,nan,nan,nan,nan,nan,nan,nan,nan,nan,nan,nan,nan,nan,nan,nan,nan,nan,nan,nan,nan,nan,baseline,0.7990242867748434,0.0
train_sim/seq_0020,train_sim,450,450,0.0,6.6665,4.827500000000001,24.130852,40.7654889,1.6893514120429731,0.0,0.0,0.257530111437852,0.38338126483231727,small,,0.8514158447343301,1.0,32.020874854084035,449,0.8697607249640297,0.8697607249640297,0,0,-1,0.0,0.8709301092374588,1.0,45.76161249883596,0.019514264503128764,nan,nan,nan,nan,nan,nan,nan,nan,nan,nan,nan,nan,nan,nan,nan,nan,nan,nan,nan,nan,nan,nan,nan,nan,nan,nan,nan,nan,sutrack_t224,0.8709301092374588,0.019514264503128764
train_sim/seq_0021,train_sim,450,450,0.0,4.3,2.2664999999999997,6.95966195,20.79950425,2.988579675195287,0.0,0.0,0.2320102661500644,0.430011310974368,small,,0.7639198218262806,1.0,32.72050368840122,449,0.7768305826870575,0.7768305826870575,0,0,-1,0.0,0.7706013363028953,1.0,43.65147202859487,0.006681514476614692,nan,nan,nan,nan,nan,nan,nan,nan,nan,nan,nan,nan,nan,nan,nan,nan,nan,nan,nan,nan,nan,nan,nan,nan,nan,nan,nan,nan,sutrack_t224,0.7706013363028953,0.006681514476614692
train_sim/seq_0022,train_sim,450,450,0.0,5.441,12.005500000000001,42.46874505,111.34771129999996,2.621874302358269,0.12444444444444444,0.1688888888888889,0.9065059049099684,1.4313678534055452,small;seam,,0.6769540778449464,0.7817371937639198,32.559511936460595,449,0.6807184479730801,0.6827359452145261,3,95,50,0.2182628062360802,0.568671121009651,0.6547884187082406,26.465641183683815,-0.10828295683529543,nan,nan,nan,nan,nan,nan,nan,nan,nan,nan,nan,nan,nan,nan,nan,nan,nan,nan,nan,nan,nan,nan,nan,nan,nan,nan,nan,nan,baseline,0.6769540778449464,0.0
train_sim/seq_0023,train_sim,450,450,0.0,8.7195,9.518,58.26862775,283.4556051999999,4.864634987049269,0.0,0.0,0.35862515385024324,0.782799414771521,small;scale,,0.9063527415420511,1.0,32.63467210103489,449,0.9272632960203389,0.9272632960203389,0,0,-1,0.0,0.8787782373528475,1.0,39.909097255575965,-0.027574504189203597,nan,nan,nan,nan,nan,nan,nan,nan,nan,nan,nan,nan,nan,nan,nan,nan,nan,nan,nan,nan,nan,nan,nan,nan,nan,nan,nan,nan,baseline,0.9063527415420511,0.0
train_sim/seq_0024,train_sim,450,450,0.0,6.184,18.253,80.66058275,159.6068637,1.9787467218614905,0.0,0.12666666666666668,1.1997200781943873,1.41187079516548,small;seam,,0.5132039452752147,0.5723830734966593,32.157787626921525,449,0.5031314239685306,0.5031314239685306,8,145,98,0.42761692650334077,0.2827447237246791,0.267260579064588,42.86242148025499,-0.2304592215505356,nan,nan,nan,nan,nan,nan,nan,nan,nan,nan,nan,nan,nan,nan,nan,nan,nan,nan,nan,nan,nan,nan,nan,nan,nan,nan,nan,nan,baseline,0.5132039452752147,0.0
train_sim/seq_0025,train_sim,450,450,0.0,47.268,75.869,2729.8203753000003,5016.1795317,1.837549304374554,0.0,0.10888888888888888,1.4301188851872886,1.9916922060634186,seam;hard;drift,,0.07084526460918444,0.0200445434298441,9.865104063577359,449,0.04764325421424817,0.06404774802383544,3,436,7,0.9799554565701559,0.13320606639092164,0.08685968819599109,30.650731777799656,0.062360801781737196,nan,nan,nan,nan,nan,nan,nan,nan,nan,nan,nan,nan,nan,nan,nan,nan,nan,nan,nan,nan,nan,nan,nan,nan,nan,nan,nan,nan,sutrack_t224,0.13320606639092164,0.062360801781737196
train_sim/seq_0026,train_sim,450,450,0.0,8.018999999999998,5.273,23.8440015,63.71087315,2.6719874661138565,0.006666666666666667,0.12222222222222222,1.0806388920822871,1.2859887021730156,small;seam,,0.4850991621592958,0.5567928730512249,32.535697992194336,449,0.4744355830736403,0.4744355830736403,4,174,239,0.44320712694877507,0.46611517658288254,0.5545657015590201,24.263841360772958,-0.018983985576413287,nan,nan,nan,nan,nan,nan,nan,nan,nan,nan,nan,nan,nan,nan,nan,nan,nan,nan,nan,nan,nan,nan,nan,nan,nan,nan,nan,nan,baseline,0.4850991621592958,0.0
train_sim/seq_0027,train_sim,450,450,0.0,5.8465,5.016,27.4679565,34.92641459999999,1.2715330534326421,0.06888888888888889,0.10222222222222223,0.7773323758711993,0.8822170867989977,small;seam,,0.5227489659560929,0.6057906458797327,32.88502415533171,449,0.5145962281780228,0.5145969140998546,2,176,21,0.39420935412026725,0.5012196415314456,0.5412026726057907,38.91824988438002,-0.021529324424647278,nan,nan,nan,nan,nan,nan,nan,nan,nan,nan,nan,nan,nan,nan,nan,nan,nan,nan,nan,nan,nan,nan,nan,nan,nan,nan,nan,nan,baseline,0.5227489659560929,0.0
train_sim/seq_0028,train_sim,450,450,0.0,25.782,26.312,528.8025333,868.283328,1.641980273016971,0.013333333333333334,0.1111111111111111,0.9016166641895821,1.1290836617323445,seam;drift,,0.400996924382225,0.36525612472160357,29.1618684717299,449,0.3906694993625257,0.3929799110631286,9,173,13,0.6347438752783965,0.456039876975289,0.5812917594654788,40.33202475093501,0.05504295259306402,nan,nan,nan,nan,nan,nan,nan,nan,nan,nan,nan,nan,nan,nan,nan,nan,nan,nan,nan,nan,nan,nan,nan,nan,nan,nan,nan,nan,sutrack_t224,0.456039876975289,0.05504295259306402
train_sim/seq_0029,train_sim,450,450,0.0,12.497,12.502,145.7770581,171.25719389999998,1.1747883798184562,0.035555555555555556,0.10222222222222223,1.0738254299138863,1.1929609424040875,seam,,0.5382331106161841,0.6035634743875279,32.38530656492719,449,0.5301902316171451,0.5320392375367581,3,176,21,0.39643652561247217,0.5475660197263761,0.6035634743875279,24.16264473171546,0.009332909110192023,nan,nan,nan,nan,nan,nan,nan,nan,nan,nan,nan,nan,nan,nan,nan,nan,nan,nan,nan,nan,nan,nan,nan,nan,nan,nan,nan,nan,sutrack_t224,0.5475660197263761,0.009332909110192023
train_sim/seq_0030,train_sim,450,450,0.0,20.240000000000002,17.03,198.00812,2031.8316678999981,10.261355281288456,0.0,0.0,0.49083983461230046,1.2043921189002043,scale,,0.8416587124827659,1.0,30.933627086654546,449,0.857342907923002,0.857342907923002,0,0,-1,0.0,0.841870824053452,1.0,42.07255392327269,0.0002121115706861243,nan,nan,nan,nan,nan,nan,nan,nan,nan,nan,nan,nan,nan,nan,nan,nan,nan,nan,nan,nan,nan,nan,nan,nan,nan,nan,nan,nan,sutrack_t224,0.841870824053452,0.0002121115706861243
train_sim/seq_0031,train_sim,450,450,0.0,28.6525,60.5035,1308.58791525,2309.7859000999997,1.7650979908818165,0.0,0.10666666666666667,1.5588210523465607,2.2452057397039846,seam,,0.7097253155159614,0.8129175946547884,30.339316395488297,449,0.7130758564560042,0.7305648788003833,1,84,366,0.1870824053452116,0.8538551277972213,0.9398663697104677,39.48983441017665,0.14412981228125987,nan,nan,nan,nan,nan,nan,nan,nan,nan,nan,nan,nan,nan,nan,nan,nan,nan,nan,nan,nan,nan,nan,nan,nan,nan,nan,nan,nan,sutrack_t224,0.8538551277972213,0.14412981228125987
train_sim/seq_0032,train_sim,450,450,0.0,6.2905,2.762,11.1079098,29.10373065,2.6200906537789854,0.0,0.11333333333333333,1.3662395299435384,1.7300048849571428,small;seam,,0.7935093859370028,0.9510022271714922,32.794181365248846,449,0.8065839125558054,0.8104789140625739,2,21,178,0.04899777282850779,0.779828189627744,0.9510022271714922,40.70586239823182,-0.013681196309258792,nan,nan,nan,nan,nan,nan,nan,nan,nan,nan,nan,nan,nan,nan,nan,nan,nan,nan,nan,nan,nan,nan,nan,nan,nan,nan,nan,nan,baseline,0.7935093859370028,0.0
train_sim/seq_0033,train_sim,450,450,0.0,11.691,14.251,141.78796255,203.8354878,1.437607848607879,0.0,0.10222222222222223,1.4672612823257738,2.1975756870253544,seam,,0.49782585640046667,0.6391982182628062,31.989710797423562,449,0.48939312684877945,0.4985530193971155,2,161,33,0.36080178173719374,0.5917912822144448,0.6414253897550112,25.80811157171322,0.0939654258139781,nan,nan,nan,nan,nan,nan,nan,nan,nan,nan,nan,nan,nan,nan,nan,nan,nan,nan,nan,nan,nan,nan,nan,nan,nan,nan,nan,nan,sutrack_t224,0.5917912822144448,0.0939654258139781
train_sim/seq_0034,train_sim,1292,1292,0.0,8.584,15.347000000000001,73.5411,293.142784,3.9861082306356583,0.1996904024767802,0.0,0.12500054567320662,4.553126278809181,small;polar,,0.7416546789126185,0.9620449264136328,31.716821749629155,1291,0.7534743799369977,0.7545455710706138,12,11,18,0.037955073586367155,0.43834605879532296,0.5329202168861348,34.07689460703475,-0.30330862011729554,nan,nan,nan,nan,nan,nan,nan,nan,nan,nan,nan,nan,nan,nan,nan,nan,nan,nan,nan,nan,nan,nan,nan,nan,nan,nan,nan,nan,baseline,0.7416546789126185,0.0
train_sim/seq_0035,train_sim,1264,1238,0.020569620253164556,11.618500000000001,20.29,90.5692,1409.0704729499964,15.557943240638059,0.0,0.0,0.24900000000683445,4.791893887194518,scale,,0.8390499287831542,0.9814066289409863,31.421305590496086,1237,0.8561820339458693,0.8561820339458693,7,10,142,0.018593371059013743,0.6596604688763136,0.8132578819725141,42.97197555544853,-0.17938945990684063,nan,nan,nan,nan,nan,nan,nan,nan,nan,nan,nan,nan,nan,nan,nan,nan,nan,nan,nan,nan,nan,nan,nan,nan,nan,nan,nan,nan,baseline,0.8390499287831542,0.0
train_sim/seq_0036,train_sim,1350,1346,0.002962962962962945,15.919,25.009500000000003,79.26883849999999,1628.43519675,20.54319487411185,0.0,0.0,0.12824843044053402,5.956890288650851,fast;scale,,0.7419012214551249,0.8557620817843866,31.241648474770727,1345,0.7509945105815232,0.7509945105815232,6,186,138,0.14423791821561338,0.7091874668082847,0.8297397769516729,44.7709204756711,-0.03271375464684023,nan,nan,nan,nan,nan,nan,nan,nan,nan,nan,nan,nan,nan,nan,nan,nan,nan,nan,nan,nan,nan,nan,nan,nan,nan,nan,nan,nan,baseline,0.7419012214551249,0.0
train_sim/seq_0037,train_sim,1306,1294,0.009188361408882129,21.35,35.797,200.2200601,4416.821768399997,22.059836392986863,0.00927357032457496,0.0,0.20081629765777237,9.173425695661237,fast;scale,,0.7364932051706994,0.8832173240525909,30.64410280451343,1293,0.74640765587476,0.74640765587476,19,66,18,0.11678267594740913,0.5537509667440061,0.6612529002320185,40.67797810521934,-0.18274223842669324,0.801605715758848,0.9590100541376644,25.959365889878256,0.0651125105881486,0.7087614628217876,0.877030162412993,40.12087616240548,-0.027731742348911737,0.7672080433101316,0.925754060324826,7.994139332532452,0.03071483813943221,0.7778514344639634,0.925754060324826,16.568286981087258,0.04135822929326405,0.7802452767649981,0.9273008507347255,17.80618601450589,0.043752071594298725,0.7938717637093508,0.9520494972931168,15.434704808079928,0.05737855853865137,0.7418333149191618,0.8832173240525909,17.691754553093773,0.0053401097484624405,sutrack_b224,0.801605715758848,0.0651125105881486
train_sim/seq_0038,train_sim,1262,1262,0.0,27.482,54.8185,624.99804575,5208.481338700005,8.333596199408605,0.022187004754358162,0.0,0.2507074806006056,8.405392453532789,fast;scale,,0.7266341905517163,0.9095955590800952,29.218761837454455,1261,0.7370343967139215,0.7425255978801377,21,32,21,0.09040444091990484,0.5017559759827802,0.5804916732751785,43.424444059095215,-0.22487821456893609,nan,nan,nan,nan,nan,nan,nan,nan,nan,nan,nan,nan,nan,nan,nan,nan,nan,nan,nan,nan,nan,nan,nan,nan,nan,nan,nan,nan,baseline,0.7266341905517163,0.0
train_sim/seq_0039,train_sim,1016,1016,0.0,14.620000000000001,24.814,213.6624355,646.5027277499998,3.0258137151581797,0.0,0.0,0.21755798829690498,3.780534742578734,,,0.8684494487450151,0.9950738916256158,31.12655711071004,1015,0.8867648029445006,0.8867648029445006,3,2,504,0.0049261083743842365,0.8188599577762141,0.9458128078817734,39.66778936834543,-0.04958949096880094,nan,nan,nan,nan,nan,nan,nan,nan,nan,nan,nan,nan,nan,nan,nan,nan,nan,nan,nan,nan,nan,nan,nan,nan,nan,nan,nan,nan,baseline,0.8684494487450151,0.0
train_sim/seq_0040,train_sim,1068,1064,0.0037453183520599342,12.4405,25.042,185.5295052,617.514051,3.3283873114107783,0.0,0.0,0.13273830504809883,2.9198458890570156,,,0.8167808986247368,0.9181561618062088,31.610471990661097,1063,0.8307503917670696,0.8307503917670696,4,75,670,0.08184383819379115,0.7049231734085921,0.7958607714016933,40.740234137942416,-0.11185772521614468,nan,nan,nan,nan,nan,nan,nan,nan,nan,nan,nan,nan,nan,nan,nan,nan,nan,nan,nan,nan,nan,nan,nan,nan,nan,nan,nan,nan,baseline,0.8167808986247368,0.0
train_sim/seq_0041,train_sim,1022,1012,0.009784735812133127,14.677,24.404,191.970324,594.569773,3.0971962781080684,0.0,0.0,0.1250141526962151,5.080944512802052,fast,,0.8692477980311809,0.9920870425321464,31.374654953732033,1011,0.8874332138114298,0.8874332138114298,3,5,370,0.00791295746785361,0.8439545946964346,0.973293768545994,43.59688481068777,-0.025293203334746273,nan,nan,nan,nan,nan,nan,nan,nan,nan,nan,nan,nan,nan,nan,nan,nan,nan,nan,nan,nan,nan,nan,nan,nan,nan,nan,nan,nan,baseline,0.8692477980311809,0.0
train_sim/seq_0042,train_sim,1872,1872,0.0,10.4255,21.2815,156.47931304999997,421.81662059999996,2.6956701967704606,0.0,0.0,1.1131315517267606,4.415255518184599,,,0.8551322185742282,0.9732763228220203,31.486586716971427,1871,0.8728207316490408,0.8728207316490408,19,7,359,0.02672367717797969,0.8150467028072587,0.9470871191876002,42.749229342968356,-0.040085515766969504,0.8550558652108626,0.9786210582576162,25.220763747089265,-7.635336336553333e-05,0.8090656893436157,0.951362907536077,37.12096775952139,-0.046066529230612496,0.8465551907561528,0.9716729021913415,8.07458332028048,-0.008577027818075345,0.8538342113970119,0.9738107963655799,23.11288439072183,-0.0012980071772162871,0.8553867297854468,0.9716729021913415,15.47610411145929,0.0002545112112186665,0.7553892748975594,0.8567610903260289,18.357942419251412,-0.0997429436766688,0.847395077753175,0.9652592196686264,24.34500385282713,-0.007737140821053146,ft_v4_ep4,0.8553867297854468,0.0002545112112186665
train_sim/seq_0043,train_sim,1288,1288,0.0,21.2065,44.0275,422.336472,2198.9627351999998,5.206660757444599,0.031055900621118012,0.0,0.24800146514472382,6.70366315487594,fast;scale,,0.5463795463795463,0.6938616938616938,30.79186053677077,1287,0.5423916229566933,0.5452067902002109,19,224,21,0.3061383061383061,0.6744736744736745,0.8686868686868687,41.644553773896945,0.12809412809412812,nan,nan,nan,nan,nan,nan,nan,nan,nan,nan,nan,nan,nan,nan,nan,nan,nan,nan,nan,nan,nan,nan,nan,nan,nan,nan,nan,nan,sutrack_t224,0.6744736744736745,0.12809412809412812
train_sim/seq_0044,train_sim,1290,1290,0.0,7.5235,11.274,44.336418,191.73504,4.324549628704782,0.6682170542635659,0.0,0.11964926502576241,2.5920463686752298,small;polar;scale;hard;drift,,0.27876907163175585,0.31419705197827774,31.187014997468737,1289,0.2527056531178931,0.2566598084204606,14,560,8,0.6858029480217223,0.26351176622704936,0.30411171450737007,39.8489038953136,-0.01525730540470649,0.19742140455872037,0.20403413498836306,27.063048193369898,-0.08134766707303548,0.12782149322102773,0.11404189294026378,48.109442185868055,-0.15094757841072812,0.08349033950275223,0.0504266873545384,9.25140151397949,-0.19527873212900362,0.3163766670360929,0.3460046547711404,15.08794453982775,0.03760759540433706,0.156452029997414,0.1287820015515904,16.115552521263343,-0.12231704163434184,0.13716797812996415,0.10318076027928627,16.29481420706331,-0.1416010935017917,0.18608001773246147,0.16291698991466252,16.598870574752738,-0.09268905389929438,ft_v4_ep1,0.3163766670360929,0.03760759540433706
train_sim/seq_0045,train_sim,1296,1290,0.00462962962962965,44.887,39.233999999999995,162.176736,40493.38293,249.6867548869648,0.11317829457364341,0.006201550387596899,0.4183558138281954,10.568135895270347,fast;scale;drift,,0.4529166204883816,0.47633824670287045,30.66432586956041,1289,0.4471194389537777,0.4493675588800361,8,334,254,0.5236617532971296,0.4610439986700654,0.4887509697439876,34.89043543069337,0.008127378181683798,0.48309874764490746,0.49418153607447635,24.809016623211036,0.03018212715652585,0.38845173445638925,0.4065166795965865,28.698783764097914,-0.06446488603199235,0.3766300934648491,0.38013964313421256,8.811102901589173,-0.0762865270235325,0.4639255236617532,0.48254460822342904,17.469799299750225,0.01100890317337161,0.4657357124385829,0.4840961986035687,16.309034131420407,0.012819091950201311,0.44888987402563824,0.46547711404189296,17.704526720633424,-0.004026746462743369,0.4609701134138682,0.48021722265321953,16.685562655295612,0.008053492925486572,sutrack_b224,0.48309874764490746,0.03018212715652585
train_sim/seq_0046,train_sim,1312,1312,0.0,11.546,17.0935,118.53384290000001,396.4227517500001,3.344384540746211,0.5533536585365854,0.0,0.12499999999738676,4.259471298043973,polar;hard;drift,,0.07228215466201736,0.02745995423340961,31.16619699150803,1311,0.027488191590942977,0.027527796434091856,5,625,6,0.9725400457665904,0.07714939522719846,0.034324942791762014,33.652691214676246,0.004867240565181105,0.5132759434818931,0.6414950419527079,27.809686012766587,0.4409937888198757,0.08844575206131272,0.04652936689549962,34.14174734860356,0.016163597399295362,0.3234172387490466,0.38138825324180015,8.441403304998232,0.2511350840870292,0.058007337183538565,0.004576659038901602,15.237325894311665,-0.014274817478478793,0.06196651047909629,0.012204424103737605,16.523587278985932,-0.010315644182921066,0.057353528749409764,0.004576659038901602,14.999790729238715,-0.014928625912607595,0.06400058116305256,0.014492753623188406,16.125517538379697,-0.0082815734989648,sutrack_b224,0.5132759434818931,0.4409937888198757
train_sim/seq_0047,train_sim,1386,1380,0.0043290043290042934,21.509999999999998,40.923,303.2428284,4166.1877308,13.738784039121567,0.0,0.0,0.24900200252355334,7.88392583459434,fast;scale,,0.7329327670154356,0.864394488759971,30.471924023767247,1379,0.7425844960640907,0.7425844960640907,23,104,2,0.135605511240029,0.48772402361960004,0.5707034082668601,37.70765272066404,-0.2452087433958356,0.8024793673814704,0.9659173313995649,28.770957414279614,0.06954660036603477,0.30512103318484757,0.33792603335750543,54.29649911109759,-0.42781173383058807,0.593459718912946,0.7048585931834663,8.882821630428834,-0.13947304810248962,0.7685348250975518,0.9071791153009428,16.518971119754347,0.03560205808211614,0.7884250146759212,0.939811457577955,15.062364438394285,0.05549224766048555,0.7889084567837288,0.939811457577955,15.44215424168317,0.055975689768293146,0.7472288407748887,0.8767222625090645,15.046328050998085,0.014296073759453076,sutrack_b224,0.8024793673814704,0.06954660036603477
train_sim/seq_0048,train_sim,1254,1250,0.0031897926634768536,15.924,28.921999999999997,196.922346,3973.372057199999,20.177354870635142,0.0,0.0,0.24999999999703582,6.644111796132949,fast;scale,,0.7888977848945823,0.9031224979983987,30.547701288582687,1249,0.8015953643405263,0.8015953643405263,13,57,386,0.09687750200160128,0.7631247855427199,0.8847077662129704,44.36801080826746,-0.02577299935186239,nan,nan,nan,nan,nan,nan,nan,nan,nan,nan,nan,nan,nan,nan,nan,nan,nan,nan,nan,nan,nan,nan,nan,nan,nan,nan,nan,nan,baseline,0.7888977848945823,0.0
train_sim/seq_0049,train_sim,1310,1296,0.010687022900763399,20.231,29.171,128.30656499999998,2117.6591822500004,16.504683000826972,0.006172839506172839,0.0,0.18642888454839598,6.768357627335241,fast;scale,,0.7352822209965066,0.8980694980694981,29.819699319161693,1295,0.7462702090162502,0.7470973452668972,19,52,298,0.10193050193050193,0.5916528773671631,0.711969111969112,36.0209627711832,-0.14362934362934354,nan,nan,nan,nan,nan,nan,nan,nan,nan,nan,nan,nan,nan,nan,nan,nan,nan,nan,nan,nan,nan,nan,nan,nan,nan,nan,nan,nan,baseline,0.7352822209965066,0.0
train_sim/seq_0050,train_sim,1310,894,0.3175572519083969,10.437999999999999,15.9475,21.915008,1232.8234398,56.25475654857164,0.0,0.0,0.25000000000140943,4.613405945046028,scale;absent,,0.545726017170586,0.631578947368421,30.327007992643495,893,0.5402717991817056,0.5402717991817056,9,224,40,0.3684210526315789,0.5337279368634352,0.6270996640537514,40.8181533291083,-0.011998080307150771,nan,nan,nan,nan,nan,nan,nan,nan,nan,nan,nan,nan,nan,nan,nan,nan,nan,nan,nan,nan,nan,nan,nan,nan,nan,nan,nan,nan,baseline,0.545726017170586,0.0
train_sim/seq_0051,train_sim,1218,1218,0.0,11.014,17.7455,123.56830799999999,386.850014,3.1306572070243126,0.33004926108374383,0.0,0.12600027554969878,3.5808884282196276,polar,,0.6465938881715382,0.8447000821692687,31.14089085188664,1217,0.6536140122303298,0.6541838669022746,57,20,370,0.1552999178307313,0.34201979888093287,0.41002465078060807,42.3686749860942,-0.3045740892906053,nan,nan,nan,nan,nan,nan,nan,nan,nan,nan,nan,nan,nan,nan,nan,nan,nan,nan,nan,nan,nan,nan,nan,nan,nan,nan,nan,nan,baseline,0.6465938881715382,0.0
train_sim/seq_0052,train_sim,1891,1891,0.0,4.409,6.053,17.462448,53.605380000000004,3.069751732403155,0.9989423585404548,0.005817028027498678,0.5213482684894264,2.1400357207666683,small;polar;hard;drift,,0.38652053413958176,0.39894179894179893,30.026669234078618,1890,0.3760323011256247,0.39548957056016093,195,66,1,0.6015873015873016,0.34514991181657845,0.30687830687830686,40.61406699812698,-0.041370622323003314,0.35726883345930965,0.3111111111111111,27.735794546647064,-0.029251700680272108,0.2832955404383976,0.12962962962962962,38.5851507219308,-0.10322499370118415,0.050214159737969256,0.0,9.346995474922876,-0.3363063744016125,0.42333081380700416,0.40370370370370373,16.705700716067504,0.036810279667422396,0.4202066011589821,0.39894179894179893,14.017268070128727,0.033686067019400356,0.4173091458805745,0.382010582010582,13.413387607389142,0.030788611740992733,0.4174603174603174,0.3862433862433862,16.2450561529091,0.03093978332073566,ft_v4_ep1,0.42333081380700416,0.036810279667422396
train_sim/seq_0053,train_sim,1260,1238,0.01746031746031751,11.41,21.305999999999997,78.69246495,575.7844247999999,7.316894002060357,0.09531502423263329,0.0,0.1300000000056224,4.0733985087637645,scale;hard;drift,,0.38156831042845596,0.4801940177849636,30.58449194454934,1237,0.3633330189712757,0.3633330189712757,11,492,10,0.5198059822150364,0.09820225584170614,0.07033144704931285,44.82705332755996,-0.2833660545867498,nan,nan,nan,nan,nan,nan,nan,nan,nan,nan,nan,nan,nan,nan,nan,nan,nan,nan,nan,nan,nan,nan,nan,nan,nan,nan,nan,nan,baseline,0.38156831042845596,0.0
train_sim/seq_0054,train_sim,1264,1236,0.022151898734177222,19.444499999999998,36.6325,198.34090175,6171.77867,31.117024353248407,0.0,0.0,0.25000196917362494,9.06737178874985,fast;scale,,0.8258338153074996,0.9748987854251012,29.576508754506108,1235,0.8415097223189348,0.8415097223189348,12,9,94,0.025101214574898785,0.7829573934837093,0.9295546558704454,42.01950670309669,-0.042876421823790256,nan,nan,nan,nan,nan,nan,nan,nan,nan,nan,nan,nan,nan,nan,nan,nan,nan,nan,nan,nan,nan,nan,nan,nan,nan,nan,nan,nan,baseline,0.8258338153074996,0.0
train_sim/seq_0055,train_sim,1192,1192,0.0,20.36,42.7035,734.5044878,1209.1025619000002,1.6461472761337703,0.00587248322147651,0.12835570469798657,3.893148547878907,11.438262317982518,seam;fast,,0.6109311902762784,0.9026028547439127,29.94530478954829,1191,0.6161390867083771,0.6262443535196778,58,12,84,0.09739714525608732,0.5186517932109872,0.7397145256087322,36.49682393747424,-0.0922793970652912,0.6221662468513853,0.9202350965575147,26.30179259192497,0.011235056575106928,0.5278877293990645,0.7632241813602015,43.33069100875526,-0.08304346087721393,0.6170884810683299,0.9059613769941226,7.846991539973154,0.006157290792051517,0.6758626204470034,0.9420654911838791,16.260056533021285,0.064931430170725,0.6751029546999321,0.9353484466834593,16.26070300189372,0.06417176442365369,0.6395985766262845,0.889168765743073,17.056429201832223,0.028667386350006097,0.6739434648754548,0.9420654911838791,16.5722300100424,0.06301227459917635,ft_v4_ep1,0.6758626204470034,0.064931430170725
train_sim/seq_0056,train_sim,1262,1262,0.0,8.378,13.927,56.85391800000001,245.07696,4.310643287591894,0.40729001584786056,0.0,0.10500051591393698,3.6311961452865344,small;polar;scale,,0.5374041765794343,0.7216494845360825,31.24873637856598,1261,0.5345873544691038,0.5354870693710194,24,166,2,0.27835051546391754,0.4118046901552056,0.5091197462331483,35.38253869433776,-0.1255994864242287,nan,nan,nan,nan,nan,nan,nan,nan,nan,nan,nan,nan,nan,nan,nan,nan,nan,nan,nan,nan,nan,nan,nan,nan,nan,nan,nan,nan,baseline,0.5374041765794343,0.0
train_sim/seq_0057,train_sim,1274,1260,0.01098901098901095,15.0795,27.8,141.48950399999998,2429.5756916,17.171419949284722,0.0,0.0,0.24856998749343287,6.937105841640473,fast;scale,,0.8361511403608306,0.9690230341540905,31.182418311623472,1259,0.8531182551327822,0.8531182551327822,17,6,116,0.030976965845909452,0.821551495896214,0.9626687847498014,41.1370687399907,-0.01459964446461659,nan,nan,nan,nan,nan,nan,nan,nan,nan,nan,nan,nan,nan,nan,nan,nan,nan,nan,nan,nan,nan,nan,nan,nan,nan,nan,nan,nan,baseline,0.8361511403608306,0.0
train_sim/seq_0058,train_sim,1352,1342,0.007396449704141994,16.892,39.094,200.6207565,3257.6901631500004,16.238051435869252,0.0014903129657228018,0.0,0.2189809953949011,6.715706535268119,fast;scale,,0.7820745001953054,0.906785980611484,30.715925614475605,1341,0.7946055961343023,0.7946055961343023,15,75,180,0.09321401938851603,0.7288093462590107,0.8404175988068605,41.63327683629931,-0.05326515393629472,0.7501509179361529,0.8538404175988069,25.225724096986827,-0.031923582259152594,0.8105891126025353,0.9552572706935123,37.10649996701902,0.028514612407229856,0.7541990696353112,0.8799403430275914,8.86753150970601,-0.027875430559994196,0.8358723056709634,0.9492915734526473,22.826364990819975,0.053797805475657934,0.8466318667660951,0.964951528709918,15.418218227720535,0.0645573665707897,0.845566563687369,0.9634601043997018,17.850105257099074,0.0634920634920636,nan,nan,nan,nan,ft_v4_ep4,0.8466318667660951,0.0645573665707897
train_sim/seq_0059,train_sim,1262,1244,0.014263074484944571,10.575500000000002,18.145,79.80512399999999,806.05344915,10.100271871640725,0.33440514469453375,0.001607717041800643,0.12499999999155531,5.901793926831348,polar;fast;scale;hard;drift,,0.33134122514653486,0.4022526146419952,31.15630203064023,1243,0.31023193770327606,0.3105445725182815,41,245,48,0.5977473853580049,0.20062828027429797,0.21560740144810941,24.808660736938727,-0.1307129448722369,0.48354595257250116,0.6138374899436846,25.987499223485358,0.1522047274259663,0.22058767191510548,0.25663716814159293,43.23439974893558,-0.11075355323142938,0.44948856453281233,0.5703942075623492,8.57899798076613,0.11814733938627747,0.32636095467953874,0.37811745776347544,17.04709011944453,-0.004980270466996117,0.47799103551315936,0.5671761866452132,17.789905211430867,0.1466498103666245,0.20564686051411712,0.20434432823813356,16.50232099126225,-0.12569436463241773,0.5072980117227905,0.6146419951729686,16.550100791160126,0.17595678657625569,ft_ep7,0.5072980117227905,0.17595678657625569
train_sim/seq_0060,train_sim,1270,1234,0.028346456692913358,8.993,15.1615,67.42175755000001,609.6997074,9.043070509513882,0.19773095623987033,0.0,0.12499999999738676,3.6281063848835178,small;polar;scale,,0.5500328274050903,0.6934306569343066,31.324492661586916,1233,0.5465706067415633,0.5465706067415633,16,139,88,0.30656934306569344,0.07144788166685978,0.042173560421735604,21.928223348397005,-0.4785849457382305,nan,nan,nan,nan,nan,nan,nan,nan,nan,nan,nan,nan,nan,nan,nan,nan,nan,nan,nan,nan,nan,nan,nan,nan,nan,nan,nan,nan,baseline,0.5500328274050903,0.0
train_sim/seq_0061,train_sim,1246,1152,0.0754414125200642,10.8445,19.762,69.02051135,2872.7046664500026,41.62102844881346,0.0,0.0,0.23157447840756357,7.021350680200886,fast;scale;absent,,0.6762649455959621,0.7576020851433536,30.78116612324165,1151,0.6794261140405073,0.6794261140405073,16,138,162,0.24239791485664638,0.6303007736543792,0.7150304083405734,39.63379220004086,-0.045964171941582865,nan,nan,nan,nan,nan,nan,nan,nan,nan,nan,nan,nan,nan,nan,nan,nan,nan,nan,nan,nan,nan,nan,nan,nan,nan,nan,nan,nan,baseline,0.6762649455959621,0.0
train_sim/seq_0062,train_sim,1278,1276,0.0015649452269170805,15.868500000000001,34.256,303.739734,1809.758562,5.958254253294368,0.0,0.0,0.12509854744886895,3.695382515358433,scale,,0.8652847805788981,0.9850980392156863,30.705016121760064,1275,0.883448461783265,0.883448461783265,6,7,434,0.014901960784313726,0.8497852474323062,0.9858823529411764,42.1690604238247,-0.015499533146591915,nan,nan,nan,nan,nan,nan,nan,nan,nan,nan,nan,nan,nan,nan,nan,nan,nan,nan,nan,nan,nan,nan,nan,nan,nan,nan,nan,nan,baseline,0.8652847805788981,0.0
train_sim/seq_0063,train_sim,1254,1254,0.0,30.613,58.099000000000004,1063.1124868499999,2653.0818048,2.495579571886204,0.0,0.0,0.2490817491298361,5.62527863783822,fast,,0.7075209972257059,0.9800478850758181,29.00256077504528,1253,0.7175658321965643,0.7175658321965643,10,4,326,0.019952114924181964,0.7206323870330256,0.9728651237031125,41.97364660917454,0.013111389807319629,nan,nan,nan,nan,nan,nan,nan,nan,nan,nan,nan,nan,nan,nan,nan,nan,nan,nan,nan,nan,nan,nan,nan,nan,nan,nan,nan,nan,sutrack_t224,0.7206323870330256,0.013111389807319629
train_sim/seq_0064,train_sim,450,450,0.0,31.073,52.656499999999994,560.0460527,2081.9032066,3.7173785915695285,0.0,0.08666666666666667,1.3734308264294446,1.8578680199170876,hard;drift,,0.3057588291441298,0.2182628062360802,27.275640736067075,449,0.29566935065749594,0.30671916298876994,15,179,17,0.7817371937639198,0.27553293032134907,0.1291759465478842,40.27603263544712,-0.030225898822780706,nan,nan,nan,nan,nan,nan,nan,nan,nan,nan,nan,nan,nan,nan,nan,nan,nan,nan,nan,nan,nan,nan,nan,nan,nan,nan,nan,nan,baseline,0.3057588291441298,0.0
train_sim/seq_0065,train_sim,450,450,0.0,27.971,29.385,555.0746146,997.5733109999998,1.7971877739695858,0.0,0.11333333333333333,1.1832800087918638,1.493138147893382,seam,,0.5995333545444904,0.7639198218262806,29.15734986602816,449,0.599781260032774,0.6094935024190566,3,98,35,0.23608017817371937,0.4810690423162584,0.6102449888641426,39.996432029820916,-0.118464312228232,nan,nan,nan,nan,nan,nan,nan,nan,nan,nan,nan,nan,nan,nan,nan,nan,nan,nan,nan,nan,nan,nan,nan,nan,nan,nan,nan,nan,baseline,0.5995333545444904,0.0
train_sim/seq_0066,train_sim,900,900,0.0,31.950499999999998,53.373,996.4799736000001,2594.56706,2.6037322663159634,0.04888888888888889,0.09666666666666666,0.935599689021139,1.4390666536785144,hard;drift,,0.1982096509349012,0.07119021134593993,22.725307293561293,899,0.17756450169484111,0.2317332987878326,8,458,16,0.92880978865406,0.13665978070872398,0.034482758620689655,38.77056432147019,-0.06154987022617722,nan,nan,nan,nan,nan,nan,nan,nan,nan,nan,nan,nan,nan,nan,nan,nan,nan,nan,nan,nan,nan,nan,nan,nan,nan,nan,nan,nan,baseline,0.1982096509349012,0.0
train_sim/seq_0067,train_sim,900,900,0.0,19.2265,29.049500000000002,291.80961645,648.8220259,2.223442920741346,0.022222222222222223,0.11333333333333333,0.98728235839315,1.142686741457964,seam,,0.5956353620424811,0.7586206896551724,30.64615834353171,899,0.5970122478335831,0.6036678707032402,6,80,22,0.2413793103448276,0.6014619418401399,0.7819799777530589,39.900347091556895,0.005826579797658771,nan,nan,nan,nan,nan,nan,nan,nan,nan,nan,nan,nan,nan,nan,nan,nan,nan,nan,nan,nan,nan,nan,nan,nan,nan,nan,nan,nan,sutrack_t224,0.6014619418401399,0.005826579797658771
train_sim/seq_0068,train_sim,900,900,0.0,26.0595,23.037,395.5603846,713.623531,1.804082407599115,0.03222222222222222,0.12777777777777777,0.9408218570077007,1.144681660500579,seam;hard;drift,,0.30573653265533135,0.3659621802002225,31.34513198166938,899,0.28059609971508387,0.2828713977425617,3,566,18,0.6340378197997776,0.5734413899041263,0.7552836484983315,35.056226148351215,0.26770485724879495,nan,nan,nan,nan,nan,nan,nan,nan,nan,nan,nan,nan,nan,nan,nan,nan,nan,nan,nan,nan,nan,nan,nan,nan,nan,nan,nan,nan,sutrack_t224,0.5734413899041263,0.26770485724879495
train_sim/seq_0069,train_sim,900,900,0.0,17.951,31.487499999999997,458.1509209000001,623.8344949,1.361635361715585,0.008888888888888889,0.0,0.25812534001513093,0.6426101097055719,,,0.7658774299486202,0.9988876529477196,30.61332519376672,899,0.7793901750393417,0.7793901750393417,1,1,26,0.0011123470522803114,0.6921976799618624,0.9388209121245829,42.640558945906065,-0.07367974998675775,nan,nan,nan,nan,nan,nan,nan,nan,nan,nan,nan,nan,nan,nan,nan,nan,nan,nan,nan,nan,nan,nan,nan,nan,nan,nan,nan,nan,baseline,0.7658774299486202,0.0
train_sim/seq_0070,train_sim,900,900,0.0,24.887999999999998,22.232,426.3454713,617.9860962,1.4494960960079044,0.043333333333333335,0.0,0.2728510603806182,0.6414565254957892,,,0.7871179617564491,0.9933259176863182,30.362516979916364,899,0.8015031959101094,0.8015031959101094,1,6,522,0.006674082313681869,0.6809153027173049,0.8064516129032258,41.755658660368944,-0.10620265903914416,nan,nan,nan,nan,nan,nan,nan,nan,nan,nan,nan,nan,nan,nan,nan,nan,nan,nan,nan,nan,nan,nan,nan,nan,nan,nan,nan,nan,baseline,0.7871179617564491,0.0
train_sim/seq_0071,train_sim,900,900,0.0,39.373000000000005,39.820499999999996,933.68092455,2063.9013965999998,2.2104996924883356,0.011111111111111112,0.0,0.36192779570295175,0.9080785015338037,,,0.690714550558822,0.8798665183537263,29.083480498542663,899,0.7001191472345406,0.7005163716013448,11,16,1,0.12013348164627363,0.25366809682716246,0.13793103448275862,35.046608877352234,-0.43704645373165957,nan,nan,nan,nan,nan,nan,nan,nan,nan,nan,nan,nan,nan,nan,nan,nan,nan,nan,nan,nan,nan,nan,nan,nan,nan,nan,nan,nan,baseline,0.690714550558822,0.0
train_sim/seq_0072,train_sim,450,450,0.0,19.999000000000002,61.7635,990.49218125,1575.3651674999999,1.5904872318243752,0.0,0.10666666666666667,1.3915062177384727,1.6212516146748714,seam,,0.7654046028210838,0.9354120267260579,30.162684482408192,449,0.7778035469560121,0.7795690163867147,3,23,12,0.0645879732739421,0.7736769540778449,0.955456570155902,42.13510111979583,0.008272351256761068,nan,nan,nan,nan,nan,nan,nan,nan,nan,nan,nan,nan,nan,nan,nan,nan,nan,nan,nan,nan,nan,nan,nan,nan,nan,nan,nan,nan,sutrack_t224,0.7736769540778449,0.008272351256761068
train_sim/seq_0073,train_sim,450,450,0.0,20.121000000000002,65.2935,1111.5388416,1522.8902298,1.3700737867224522,0.0,0.10444444444444445,1.3719051016605257,1.5792021581878612,seam,,0.5712164598578853,0.7060133630289532,30.763913463090343,449,0.5674487556287506,0.5687363682611158,2,131,33,0.29398663697104677,0.7352847597836463,0.8730512249443207,42.049055524762615,0.164068299925761,nan,nan,nan,nan,nan,nan,nan,nan,nan,nan,nan,nan,nan,nan,nan,nan,nan,nan,nan,nan,nan,nan,nan,nan,nan,nan,nan,nan,sutrack_t224,0.7352847597836463,0.164068299925761
train_sim/seq_0074,train_sim,450,450,0.0,24.212,44.6025,642.2669457000001,3162.279983799996,4.923622498357688,0.06666666666666667,0.006666666666666667,0.7372720905586481,2.487367333768471,scale,,0.6501219641531445,0.7928730512249443,30.02775329644897,449,0.6573742769545796,0.66479322652077,9,53,43,0.2071269487750557,0.6761056315622016,0.7973273942093542,38.34032875980599,0.02598366740905711,nan,nan,nan,nan,nan,nan,nan,nan,nan,nan,nan,nan,nan,nan,nan,nan,nan,nan,nan,nan,nan,nan,nan,nan,nan,nan,nan,nan,sutrack_t224,0.6761056315622016,0.02598366740905711
train_sim/seq_0075,train_sim,450,450,0.0,33.4375,83.525,2348.7600345,3240.0097294499997,1.3794554070483098,0.0,0.09777777777777778,1.3279332663850554,1.7819817083422145,hard;drift,,0.08993530597094071,0.017817371937639197,12.729430753134862,449,0.057797057425881794,0.11184812717137559,1,441,9,0.9821826280623608,0.10457100434828719,0.017817371937639197,32.20192403671851,0.014635698377346476,nan,nan,nan,nan,nan,nan,nan,nan,nan,nan,nan,nan,nan,nan,nan,nan,nan,nan,nan,nan,nan,nan,nan,nan,nan,nan,nan,nan,sutrack_t224,0.10457100434828719,0.014635698377346476
train_sim/seq_0076,train_sim,450,450,0.0,16.683500000000002,48.003,491.81658540000006,1847.5062602999988,3.7564944232155177,0.0,0.0,0.4554830064829445,1.0122650217343774,,,0.8064481917488597,0.9799554565701559,29.760280220722997,449,0.8209217101164311,0.8209217101164311,3,5,215,0.0200445434298441,0.7500265139463357,0.9242761692650334,42.932489613205576,-0.05642167780252405,nan,nan,nan,nan,nan,nan,nan,nan,nan,nan,nan,nan,nan,nan,nan,nan,nan,nan,nan,nan,nan,nan,nan,nan,nan,nan,nan,nan,baseline,0.8064481917488597,0.0
train_sim/seq_0077,train_sim,450,450,0.0,11.148,18.3675,162.800164,387.2995875,2.3789876986856107,0.0,0.0,0.3746028709568269,0.631122934442158,,,0.8357195885035529,1.0,31.75009917888766,449,0.852662610537661,0.852662610537661,0,0,-1,0.0,0.8477038922473221,1.0,44.119519917062064,0.011984303743769242,nan,nan,nan,nan,nan,nan,nan,nan,nan,nan,nan,nan,nan,nan,nan,nan,nan,nan,nan,nan,nan,nan,nan,nan,nan,nan,nan,nan,sutrack_t224,0.8477038922473221,0.011984303743769242
train_sim/seq_0078,train_sim,450,450,0.0,33.25,84.455,2394.9750215,3280.7172315000003,1.3698335899324954,0.0,0.12,1.3054410200092346,1.63550948600963,seam,,0.6053664227383604,0.8329621380846325,29.1833202368804,449,0.6067529446633749,0.6210710973320742,2,45,21,0.16703786191536749,0.6082299289426238,0.8084632516703786,42.68643432879671,0.002863506204263455,nan,nan,nan,nan,nan,nan,nan,nan,nan,nan,nan,nan,nan,nan,nan,nan,nan,nan,nan,nan,nan,nan,nan,nan,nan,nan,nan,nan,sutrack_t224,0.6082299289426238,0.002863506204263455
train_sim/seq_0079,train_sim,450,450,0.0,14.912500000000001,26.319,199.06553505,699.3231712499997,3.5130298726715714,0.08,0.11333333333333333,0.6968091121690831,0.8129340162470817,seam;drift,,0.4247534202990773,0.32516703786191536,28.511106552814763,449,0.41850234291843735,0.43457227599903836,23,171,42,0.6748329621380846,0.5214762965319759,0.8151447661469933,42.48708592425018,0.0967228762328986,nan,nan,nan,nan,nan,nan,nan,nan,nan,nan,nan,nan,nan,nan,nan,nan,nan,nan,nan,nan,nan,nan,nan,nan,nan,nan,nan,nan,sutrack_t224,0.5214762965319759,0.0967228762328986
train_sim/seq_0080,train_sim,450,450,0.0,17.1185,16.965,218.9241901,431.8908146999999,1.9727870844364945,0.2777777777777778,0.24,0.5461272197502235,0.7576385112703007,polar;seam,,0.49453812705483075,0.6325167037861915,31.494932226549146,449,0.4895007940648687,0.5302630722118606,12,34,66,0.3674832962138085,0.6442888959592745,0.8040089086859689,41.6656338534038,0.14975076890444378,nan,nan,nan,nan,nan,nan,nan,nan,nan,nan,nan,nan,nan,nan,nan,nan,nan,nan,nan,nan,nan,nan,nan,nan,nan,nan,nan,nan,sutrack_t224,0.6442888959592745,0.14975076890444378
train_sim/seq_0081,train_sim,450,450,0.0,48.512,38.5295,1278.71741935,7929.372690749999,6.201035952713205,0.16666666666666666,0.14,0.5314509807787346,1.003538731703794,polar;seam;scale,,0.5032347014529643,0.6503340757238307,24.759118369671985,449,0.5024260126688531,0.5424205915739663,21,44,26,0.34966592427616927,0.5348393254852052,0.6614699331848553,37.00831021874276,0.03160462403224085,nan,nan,nan,nan,nan,nan,nan,nan,nan,nan,nan,nan,nan,nan,nan,nan,nan,nan,nan,nan,nan,nan,nan,nan,nan,nan,nan,nan,sutrack_t224,0.5348393254852052,0.03160462403224085
train_sim/seq_0082,train_sim,900,900,0.0,21.6635,27.869,333.68669215,1301.4858046499999,3.9003227736302755,0.044444444444444446,0.16777777777777778,0.8936191142562974,1.3249565600435578,seam,,0.4382647385984426,0.5561735261401557,28.579784266958768,899,0.4282337472492346,0.43519683989768004,20,145,45,0.44382647385984425,0.2760209756872716,0.29699666295884314,40.51856585071843,-0.16224376291117104,0.3206737645002383,0.37263626251390436,29.671464071509227,-0.11759097409820429,0.35764606176174585,0.43159065628476084,45.34769500286391,-0.08061867683669677,0.4839239366491869,0.610678531701891,8.73712295163716,0.04565919805074431,0.4385295831347,0.5417130144605117,15.991887458023132,0.00026484453625735815,0.4111446580857038,0.4961067853170189,13.328668842729526,-0.027120080512738842,0.40982043540441765,0.5027808676307007,14.51153213433586,-0.028444303194024967,0.42142062609248365,0.5083426028921023,14.143375030956502,-0.016844112505958964,lorat,0.4839239366491869,0.04565919805074431
train_sim/seq_0083,train_sim,900,900,0.0,13.271999999999998,14.8915,148.5755744,258.14834479999996,1.7374884522068519,0.04666666666666667,0.12222222222222222,0.91231676570805,1.1597669033880715,seam;hard;drift,,0.25912389427406113,0.2525027808676307,31.760994153298434,899,0.23171998537768743,0.23746514848816036,9,384,12,0.7474972191323693,0.533502833836538,0.6384872080088988,38.96853551797049,0.27437893956247683,nan,nan,nan,nan,nan,nan,nan,nan,nan,nan,nan,nan,nan,nan,nan,nan,nan,nan,nan,nan,nan,nan,nan,nan,nan,nan,nan,nan,sutrack_t224,0.533502833836538,0.27437893956247683
