scene,n_sequences,odtrack_auc,odtrack_sr,t224_delta_auc,t224_coverage,best_expert,best_expert_delta_auc,best_expert_coverage,recommended_technique
hard,30,0.21668455336533973,0.16722726584604247,0.0377180293991095,30,sutrack_b224,0.08478030718480166,13,逐帧失锁归因；先做重捕获/身份验证，再做主干训练
polar,12,0.390615477925826,0.4717408648593353,-0.060753734671171705,12,sutrack_b224,0.13796133054081797,6,切平面投影、极区旋转增强、球面状态
seam,49,0.47163978344402835,0.5387788697848626,0.024163504873313833,49,lorat,0.0617135705031302,11,圆周裁剪/三平铺、dual-IoU、接缝一致性
small,28,0.6094016208863621,0.723642857748913,-0.0647643056397432,28,ft_v4_ep1,0.024880282912381944,4,高分辨率搜索、短时特征聚合、小目标增强
large,7,0.3147402045213389,0.25660763723082836,-0.04178635423107308,7,ft_ep6,-0.06273519524098936,4,宽ROI+紧ROI双分支、动态搜索尺度
fast,25,0.6495905586100872,0.7895673093164575,-0.05779485961994392,25,ft_v4_ep4,0.02077617430656603,7,S²速度先验、多假设搜索中心
scale,70,0.6149647864543478,0.7379554945081622,-0.027765427086582722,70,lorat,0.03231396634181056,19,log-FoV滤波、尺度增强、动态搜索窗
absent,12,0.531533693554174,0.6003219198849902,0.0010178031034056637,12,ft_ep6,0.014344723596868572,4,冻结记忆、全局重捕获、re-init验证
drift,34,0.24344579544751271,0.19542899041105413,0.03821355245882585,34,sutrack_b224,0.06301361518511181,15,anchor身份校验、低置信门控、模板污染阻断
