Sequence (User can ignore),360VOS ID,Target,Split,Muptiple,360VOT ID,IV(illumination variation),BC(background clutter),DEF(deformable target),MB(motion blur),CM(camera motion),ROT(rotation),POC(partial occlusion),FOC(full occlusion),ARC(aspect ratio change),SV(scale variation),FM(fast motion),LR(low resolution),HR(high resolution),SA(stitching artifact),CB(cross border),FMS(fast motion on the sphere),LFoV(large FoV),LV(latitude variant),HL(high latitude),LD(large distortion
lnh53i6RqQc_0-30_1-50,001,bear,test,,,,1,1,,,1,1,,1,1,,1,,,,,,,,
b4b4quSdHqY_0-00_1-20,002,bird,test,,,,1,1,,,1,,1,1,1,1,1,,,1,1,,1,1,1
F4AKfhSQgPI_0-01_1-36,003,bird,test,,,,,1,,1,1,1,,1,1,1,1,1,,1,1,1,1,1,1
3XO8Mp3FE64_start_0-39,004,boat,test,,,,,,,1,1,1,1,1,1,1,1,1,,,1,1,,,
j6q9n6dco8I_2-40_end,005,brand,test,,,,1,,,1,,1,1,1,1,1,1,,,1,1,,1,1,1
akgvHPe04k8_10-10_10-30,006,building,test,,,,,,,1,1,,,1,1,,,1,,1,1,,1,1,1
u1Y30SIRt14,007,building,test,,,,1,,,1,1,1,,1,1,1,,,,1,1,,,,1
xPatL6XLhTE_0-00_0-46,008,building,test,,,,,,,1,,,,,1,,,1,,,1,,,,
fXkXWC9hQD4_0-13_0-46,009,car,test,,,,,,,1,1,1,1,1,1,1,1,1,,1,1,1,,,1
jbA4oEHleg8_0-12_1-06,010,car,test,,,,1,,,,1,,1,1,1,1,1,,,1,1,,,,
mGD6f4j15BA_1-05_1-50,011,pickup truck,test,,,,1,,,1,,1,,1,1,1,,,,1,1,,,,
PN-lY_IJdE0_0-26_1-12,012,pickup truck,test,,,,1,,,1,1,1,,1,1,1,1,1,,1,1,,1,,1
pxlF_jPSZWY_0-02_0-27,013,car,test,,,1,,,,1,1,1,,1,1,,,1,,,1,1,,,1
QQ_n4Az3bhg_0-52_1-45,014,van,test,,,,,,,1,1,1,1,1,1,1,1,,,1,1,1,,,
ZfFu1O92Hg0_4-05_5-35,015,van,test,,,1,1,,,1,,1,1,1,1,,1,1,,,1,,1,1,1
neLc4pydMO4_0-30_01-40,016,hiker,test,,,1,,1,,,1,,,1,1,,,1,,,1,1,1,1,1
wj5ZR8kz3A8,017,cloud,test,,,1,,,1,,,1,1,1,1,1,1,1,1,1,1,,1,1,1
AnXmN5hkZaM_0-00_0-55,018,dog,test,,,,1,1,,1,1,1,1,1,1,1,1,1,,1,1,1,1,,1
Jc9SUVHC18o_0-15_0-33,019,dog,test,,,,1,1,1,,1,1,1,1,1,1,1,1,1,1,1,1,,,
udoXcTm00MU_0-58_2-17,020,dog,test,,,,1,1,1,1,1,1,1,1,1,1,1,1,1,1,1,1,1,1,1
bQi-K9NOQHA_start_0-52,021,drone,test,,,1,1,,,1,1,1,1,1,1,1,1,1,1,1,1,,1,1,
tQq5kP-8j1I_1-57_3-00,022,drone,test,,,1,1,,,1,1,1,1,1,1,1,1,1,,1,1,,1,1,1
2bpICIClAIg_01-53_02-40,023,elephant,test,,,,1,1,,,1,1,1,1,1,,1,1,,,1,,,,
mlOiXMvMaZo_0-11_2-00,024,elephant,test,,,,,1,,,1,1,,1,1,,1,,,,,1,,,1
S5ClOF69Cv8_0-04_1-12,025,elephant,test,,,1,1,1,,,1,1,1,1,1,,1,1,1,,,1,,,1
fV1jfJToxdw_0-36_1-50,026,F1 car,test,,,1,,,,1,,1,1,1,1,,1,1,,,1,1,,,1
ny62zkZwszU_0-26_1-00,027,F1 car,test,,,1,,,,1,1,1,1,1,1,1,1,1,1,1,1,1,,,1
H6SsB3JYqQg_6-36_7-14,028,fly,test,,,1,,,,1,1,,,1,1,1,1,1,,1,1,1,1,1,1
jO-OdCe3NQw_2-23_3-20,029,fly,test,,,,,,,1,,1,,1,,1,,,,1,1,,,,
v36mjiEoIC8_1-42_end,030,fly,test,,,,,,,1,,1,,1,1,,,,,,1,,,,
Ygxis1qCs30_0-37_01-50,031,fly,test,,,,,1,,1,1,1,,1,1,1,,1,,1,1,1,1,1,1
W2yY4-Kk324_3-55_5-00,032,fountain,test,,,1,1,,,1,,1,1,1,1,1,1,1,,1,1,1,,,1
BOSkTPq8BV8_0-10_03-56,033,helicopter,test,,,1,1,,1,,1,,1,1,1,1,1,1,,1,1,1,1,1,1
kQuT-zcoDpA,034,helicopter,test,,,1,1,,,1,,,,,1,,,,,,,,,,
WPtpS2wf-0Y_8-46_9-48,035,helicopter,test,,,,1,,,,,1,,,1,,,,,,,,,,
5fd7GN8QKb0_0-53_1-30,036,horse,test,,,,1,1,,,1,1,,1,1,,1,,,,,,,,
9DgfAh3nGfg_6-00_8-00,037,kart,test,,,,,,,1,1,1,1,1,1,1,1,1,,1,1,1,,,1
bP3gouhTMow_0-40_1-30,038,kart,test,,,1,,,,1,1,1,1,,1,1,1,,,1,1,,,,
hTMM7Pm3WZ8_2-30_4-55,039,kart,test,,,,,,,1,1,1,,,1,,,,,,,,,,
JQjvlEWPdnc_0-10_2-25,040,kart,test,,,,1,1,,1,1,1,,,1,,,,1,,,,,,
MgPjm4qqfG0_0-15_2-50,041,kart,test,,,,1,,,1,1,1,,1,1,1,,1,,1,1,1,,,1
MhswXU5sQPQ_1-19_2-30,042,kart,test,,,1,1,,,1,1,1,,,1,1,,,,1,1,,,,
Si_MFXwciLc_1-00_2-00,043,F1 car,test,,,1,1,,1,1,1,1,1,1,1,,1,,,,1,1,,,1
YfUIX7rc_Po_1-00_3-00,044,kart,test,,,1,1,,,1,1,,,,1,1,1,,,1,1,,,,
me7utuNHYzc_2-50_4-05,045,kid,test,,,,,1,,1,1,1,1,1,1,,1,1,,1,1,1,1,1,1
YDSqJNsVoNg_3-25_4-05,046,kid,test,,,,,1,,1,1,,,,1,,,1,1,,,1,,,1
aewJr-tt5kQ_5-12_6-45,047,kitty,test,,,,,1,,,1,1,,1,1,,1,,,,1,,,,
AJ_4mOV8gA0_0-50_3-30,048,kitty,test,,,1,,1,,,1,,,1,1,,,,,1,,,1,1,
hdLQBUAHNIA_1-20_2-22,049,kitty,test,,,,,1,1,,1,1,,1,1,1,,1,1,1,1,,1,1,1
XrPX5n88anc_0-45_2-05,050,kitty,test,,,,1,1,1,,1,,,1,1,1,,,,1,1,,,,
XrPX5n88anc_3-45_5-35,051,kitty,test,,,,1,1,1,,1,1,,1,1,,1,1,1,,1,1,,,1
XU8Gb5wjQGE_3-00_6-40,052,kitty,test,,,1,,1,1,,1,1,1,1,1,,1,,,1,1,,1,1,1
Imi0s7_yecg_0-00_2-40,053,panda,test,,,1,1,1,,,1,1,,1,1,1,,,,1,1,,1,1,1
XtTfwyvwOx0_1-48_2-50,054,panda,test,,,,1,1,,,1,,,1,1,,,,,,1,,,,
2qA9n5QOj74_0-00_03-00,055,hiker,test,,,,,1,,1,,1,,1,1,1,,1,,1,1,,1,1,1
C8Ty0nSAkdo_0-10_3-53,056,hiker,test,,,,,1,,1,1,1,1,1,1,,1,,,,1,,1,1,1
IhehCP6wzVQ_1-45_2-44,057,pedestrian,test,,,,1,1,,1,,1,1,1,1,,1,,,,1,,1,,
IhehCP6wzVQ_3-20_4-02,058,pedestrian,test,,,,1,1,,1,,1,,1,1,,,1,,,,,,,1
iRk0kWTkwdM_0-15_3-46,059,hiker,test,,,,,1,,1,1,1,,1,1,1,,1,,1,1,1,1,1,1
ms0FYivXyBQ_0-11_1-30,060,pedestrian,test,,,1,1,1,,1,1,1,1,1,1,,1,,,,1,,,,
OgQtDFRWai8_0-14_7-02,061,pedestrian,test,,,1,,1,1,1,1,1,1,1,1,1,1,1,,1,1,,1,,1
wa699S2TVZI_0-00_1-22,062,hiker,test,,,,,1,,1,1,,,1,1,1,,,,1,1,,1,1,
_tEd4MkvQlY_0-09_end,063,people/bike,test,,,1,,1,,1,1,1,1,1,1,1,1,,1,,1,,1,,
_zHxrILyAxU_0-51_1-10,064,people/bike,test,,,,,1,,,1,1,1,1,1,1,1,1,,1,1,,,,1
5f723FmqOFY_1-30_2-20,065,people/bike,test,1,,,1,1,,1,1,1,1,1,1,1,1,,,1,1,,,,
Fh0KQQx6z6I_0-35_2-50,066,people/bike,test,,,1,,1,,1,,,,1,1,1,,,1,,1,,,,
ifLYo_mVAHc_0-12_0-34,067,people/bike,test,,,,,1,1,,1,1,1,1,1,1,1,,,1,1,,,,1
M1zgNb08Y-g_0-26_end,068,people/bike,test,,,,,1,,1,1,1,1,1,1,,1,,,,1,,,,1
pctdEfoOwds_01-13_01-38,069,people/bike,test,,,,,1,,1,1,,,1,1,1,1,,1,1,1,,,,1
PSIiGTSfx1w_0-55_2-35,070,people/bike,test,,,1,,1,,1,1,,,1,1,1,,,,1,1,,,,
RRHSPlGlUUo_start_2-00,071,people/bike,test,,,,1,1,1,,1,,1,1,1,1,1,,1,1,1,,,,
ulwzg7mIKuA_9-25_10-35,072,people/bike,test,,,1,,1,,1,1,1,1,1,1,1,1,1,,1,1,,1,,1
VPzGd_sv_bE_0-30_1-20,073,people/bike,test,,,,,1,,1,1,1,1,1,1,,1,,,1,1,,,,1
Z12fSRgwnJE_0-10_0-33,074,people/bike,test,,,,1,1,,,1,,,1,1,1,,,1,1,1,,,,1
z2IqQfNzn8s_0-07_2-10,075,people/bike,test,,,,,1,,1,1,,,1,1,,,1,1,,,,,,1
2NnqO9W-NWQ_0-32_0-49,076,people/boat,test,1,,,,1,,1,1,,,,1,,,,1,,,,,,
2NnqO9W-NWQ_1-55_2-25,077,people/boat,test,,,,1,,,1,1,1,1,,1,,1,1,1,,1,1,,,1
51WDVPwsM-A_0-15_1-00,078,people/boat,test,1,,,,1,,1,,1,,,1,,,,,,,,,,
E3NuHHVqD_s_start_00-48,079,people/boat,test,,,,,1,,1,1,1,1,1,1,1,1,1,,1,1,1,1,,1
X0JTRu1PRX8_0-53_2-18,080,people/boat,test,,009,,1,1,1,,,1,1,1,1,1,1,,,,1,,,,
X0JTRu1PRX8_0-55_2-05,081,people/boat,test,,010,,1,1,1,,,1,1,1,1,1,1,1,,,1,1,,,1
_-bziPtKfHE_0-00_1-05,082,people/horse,test,,,,,1,,1,1,1,1,1,1,,1,,,1,,,,,
4-KhYVO8Ryg_1-00_2-30,083,people/horse,test,,,,,1,,1,1,1,1,1,1,,1,1,,,,,,,
bufQ5nss1II_0-30_1-40,084,people/horse,test,,,,,1,,1,,1,1,1,1,,1,1,,,1,1,,,1
bufQ5nss1II_0-30_1-45,085,people/horse,test,,,,,1,,1,1,1,,1,1,,1,1,,1,1,1,1,,1
hQhtmQPhiVk_0-20_1-10,088,people/horse,test,,,,1,1,,1,1,,,1,1,,,1,,,,1,,,1
l7iyhRTfp5s_0-00_1-08,086,people/horse,test,,,1,1,1,,1,1,,,1,1,,,1,,,,1,,,1
LByE6QYa7I4_0-00_1-20,087,people/horse,test,,,,,1,,1,1,1,,1,1,1,,,,1,1,,,,
YPW059LEW2Q_0-00_1-28,089,people/horse,test,,,1,1,1,,1,1,,,1,1,1,,1,,1,1,1,,,1
iSz9c_lopWI_0-48_1-52,090,people/moto,test,,,1,,1,,1,1,1,1,1,1,1,1,,,1,1,,1,,1
iSz9c_lopWI_1-59_2-33,091,people/moto,test,,,1,,1,,1,1,1,1,1,1,,1,1,,,1,,1,,1
OiRc7EjXQ8s_4-40_6-00,092,people/moto,test,,,,1,,1,1,1,1,1,1,1,1,1,,,1,1,,1,,1
u4ErsXjKrxE_0-09_2-40,093,people/moto,test,,,1,,,,1,1,1,1,1,1,1,1,1,,1,1,,1,,1
jVQss3BeYdM_0-00_4-00,094,ping-pong player,test,,,,,1,1,,1,1,1,1,1,1,1,1,,1,1,1,,,1
6XTfC7XhhOg_0-28_1-56,095,rabbit,test,,,,1,1,,,1,1,1,1,1,1,1,1,1,1,1,1,1,,1
C69GJ5Cyr7E_0-00_1-10,096,rabbit,test,,,1,1,1,,,1,,,1,1,1,1,1,1,1,1,1,,,1
iwefPm-JwhY_0-16_0-53,097,rabbit,test,,,,1,1,1,,1,1,,1,1,,,1,,1,1,1,1,1,1
iwefPm-JwhY_2-39_4-16,098,rabbit,test,,,1,1,1,1,,1,1,,1,1,,,1,,1,1,,1,1,1
Y9h6AKgBdk8_0-00_1-45,099,rabbit,test,,,,,1,,,1,1,1,1,1,1,1,1,1,1,1,1,,,1
KaqsQeAKRKc_0-00_0-28,100,RC car,test,,,1,,,1,1,1,,,1,1,,,,,,,,,,
-TzbqEfA7Gc_0-20_2-50,101,rhinoceros,test,,,,1,1,,,1,1,,1,1,,1,1,1,,,1,,,1
ILOiq7gNnBo_0-12_1-41,102,rhinoceros,test,,,,1,1,,,1,1,1,1,1,,1,1,,,1,1,,,1
QYG7McT-we0_0-35_2-59,103,rhinoceros,test,,,,1,1,,,1,1,1,1,1,1,1,,,1,1,,1,,1
zoJcchcI_Jk_0-23_2-10,104,rhinoceros,test,,,,1,1,,,,,,1,1,1,,1,,1,1,,,,
CaVfsckkrjk_1-30_1-46,105,skateboarder,test,,,1,,1,1,1,1,1,,1,1,,,1,,,,1,,,1
O3VNDvx1YOE_6-33_8-18,106,skateboarder,test,,,1,,1,,,1,1,1,1,1,1,1,,,1,1,1,,,1
suAFoIOeNys_0-12_1-21,107,skateboarder,test,,,1,,1,1,,1,,1,1,1,,1,,,,1,,1,,1
WHsORKVyJys_7-18_10-27,108,skateboarder,test,,,1,,1,,1,1,,,1,1,,,,,,,,,,
MEr_i9O81pY_4-50_7-20,109,skiing,test,,,,,1,,1,1,1,1,1,1,1,1,,,1,1,,1,,
pt3IWzZBXQc_start_3-20,110,skiing,test,,,,,1,,1,1,1,1,1,1,1,1,,,1,1,,1,,
Ct3_q1POeVw_0-30_1-10,111,skydiver,test,,,,,1,,1,1,1,,1,1,1,,,1,,1,,,,
Ct3_q1POeVw_1-02_1-30,112,skydiver,test,,,,,1,,1,1,,,,1,,,,1,,,1,1,,
o6fjhstdn6M_2-32_2-56,113,skydiver,test,,,1,,1,,1,1,,,1,1,1,1,1,,,1,,1,1,1
VUMu8EQ1Ang_00-01_01-03,114,squirrel,test,,,,1,1,1,,1,1,,1,1,,,,,,,,,,
mymJJtH0X3w_0-06_0-34,115,tiger,test,,,,1,1,,,1,1,,1,1,,,,,,,,,,
q3gK60QeKTE_0-39_2-15,116,tiger,test,,,,,1,,,1,1,,1,1,,,,,,,,,,
MSYnU99Ubzc_2-28_3-08,117,train,test,,,1,1,,1,1,,1,1,1,1,1,1,1,,1,1,1,1,1,1
H1iR7BeRa5U,118,wing outfit,test,,,1,,1,1,1,1,1,1,1,1,1,1,1,1,1,1,1,1,1,1
I-Y14gm8C6o_0-22_1-42,119,wing outfit,test,,,,,1,,1,1,1,1,1,1,1,1,,,1,1,,1,1,1
_vXUwAFYEbU_2-07_2-55,120,wolf,test,,,,,1,,,1,,,1,1,,1,1,1,,1,1,,,1
CR-P3ZCXK3g_0-00_2-58,001,ball,test-challange,,,,,,1,,1,1,1,1,1,1,1,,1,1,1,,,,
ZcLzhfHv-uM_0-35_end,002,basket,test-challange,,,,,,,1,1,1,1,1,1,1,1,1,,1,1,,1,1,1
3XO8Mp3FE64_1-29_2-59,003,boat,test-challange,,,,1,,,1,1,1,1,1,1,,1,,,,1,,,,
akrmCqnB19U_0-08_0-51,004,boat,test-challange,,,1,1,,,1,1,,,1,1,,,,,,,,,,
JC-_n1wvCsM_0-00_3-01,005,boxing,test-challange,,,,,1,1,,1,1,1,1,1,,1,,,,1,,,,
4VoCLf-YXFY_0-00_2-33,006,breeder,test-challange,,,,,1,1,,1,1,1,1,1,1,1,1,,1,1,1,,,1
iTMJxOMvAI8_0-56_1-31,007,building,test-challange,,,,1,,1,1,1,1,,1,1,1,,1,,1,1,,1,1,1
3fmCc36hcgc_0-30_1-06,008,car,test-challange,,,1,,,,1,1,1,,1,1,1,,1,1,,1,,,,1
7wmpZUVK4V0_2-10_4-10,009,car,test-challange,,,,,,,1,1,,,1,1,,,1,,,,,,,1
A-U7tGXVuBc_0-05_2-55,010,car,test-challange,,,1,,,,1,1,1,,1,1,1,1,,,1,1,,,,
tTnnNo3fW0U_0-50_3-45,011,car,test-challange,,,1,1,,,1,1,1,1,1,1,1,1,,,1,1,,,,1
tzbcA8HCN1c_3-31_4-13,012,car,test-challange,,,,,,,1,1,1,1,1,1,,1,,1,1,1,,,,
JpAdLz3iDPE_0-39_7-30,013,chef,test-challange,,,,,1,,,1,1,1,1,1,1,1,,,1,1,,,,
IjBf2eulbRI_1-04_3-50,014,dog,test-challange,,,,,1,1,,1,1,,1,1,1,,1,,1,1,,,,1
TayWLyML_iQ_0-07_0-35,015,dog,test-challange,,,,,1,1,,1,1,1,1,1,1,1,,,1,1,,,,
if2XUN92eFg_01-00_03-00,016,drone,test-challange,,,,,,1,,1,1,1,1,1,1,1,,,1,1,,1,1,1
5N_EAkdAQiE_1-20_2-01,017,elephant,test-challange,,,,1,1,,,1,,,1,1,1,,1,1,1,1,1,1,,1
Ga0TrwxqoPY_0-00_0-30,018,elephant,test-challange,,,,,1,,,1,1,,,1,,,,,,,,,,
rrNB93hOEqw_0-00_1-08,019,elephant,test-challange,,,1,1,1,,,1,1,,1,1,,,1,,,,1,,,
ADOLtyLeS-4_start_1-23,020,F1 car,test-challange,,,1,,,1,1,1,1,,,1,1,1,,,,1,,,,
ny62zkZwszU_2-00_2-57,021,F1 car,test-challange,,,1,1,,,1,1,1,1,1,1,1,1,1,1,1,1,1,,,1
EMqWtrXCBzs_0-42_1-35,022,fish,test-challange,,,,,1,,1,1,1,,1,1,1,,1,,1,1,1,,,1
wgh6FgmO_gw_20-08_22-30,023,fly,test-challange,,,,1,,,1,1,,,,1,,,,,,1,,,,
LubKrfSn9sk_0-30_0-55,024,fox,test-challange,,,,1,1,,,1,,,1,1,1,,,,1,1,,,,
tXDCAut97Ro_1-28_1-52,025,giraffe,test-challange,,,,1,1,,1,1,,,1,1,,,,,,,,,,
aZz1nx_Fpac_2-00_7-05,026,helicopter,test-challange,,,,,,,1,1,1,1,1,1,1,1,,,,1,,1,1,1
RBF7_BKrNQI_2-50_end,027,helmet,test-challange,,,1,1,1,,1,1,,,1,1,1,,1,,1,1,,1,1,1
rPk5u9KKxL0_0-00_2-10,028,horse,test-challange,,,1,,1,,1,,,,,1,1,,,,1,1,1,,,1
pQimrziS_F0_0-09_2-35,029,kart,test-challange,,,,,,,1,1,1,,,1,1,1,,,1,1,,,,1
T_kN-Au2gcg_0-27_2-00,030,kart,test-challange,,,1,,,1,1,1,1,,1,1,1,,1,,1,1,,,,1
GpgXcPTgrgw_5-00_9-15,031,kitty,test-challange,,,,,1,1,,1,1,,1,1,1,,1,1,1,1,1,,,1
3ooZWLeulrA_2-41_3-02,032,lego,test-challange,,,,,,,1,1,1,,,1,1,1,,,1,1,,,,
ChU7vDPcLDk_0-04_13-20,033,pedestrian,test-challange,,,1,,1,1,1,1,1,1,1,1,1,1,1,,1,1,,,1,1
O3VNDvx1YOE_0-35_1-20,034,pedestrian,test-challange,,,,,1,,,1,1,1,1,1,,1,1,,,1,,1,,1
_2Hwl-FJYVg,035,people/bike,test-challange,,,1,,1,,,1,,,1,1,1,,,1,1,1,,,,
jU-pZSsYhDk_00-17_1-51,036,people/bike,test-challange,,,1,1,1,,,1,1,1,1,1,1,1,,,1,1,,,,1
pctdEfoOwds_00-01_01-06,037,people/bike,test-challange,,,1,1,1,,1,1,,,1,1,1,,,,1,1,,,,
pctdEfoOwds_00-01_01-08,038,people/bike,test-challange,,,,,1,,1,1,1,,1,1,1,1,,,1,1,,,,
PZwWP_oqB68_0-40_1-50,039,people/bike,test-challange,,,,1,1,1,,1,,,1,1,1,,1,1,1,1,1,,,1
WUErDZr4Vko_0-20_01-12,040,people/bike,test-challange,,,,1,1,,,1,,,1,1,,,1,1,1,1,1,1,1,1
fkaJP5_giRM,041,people/boat,test-challange,,,,,,,1,1,1,1,1,1,1,1,,,1,1,,,,
fkaJP5_giRM_0-20_01-42,042,people/boat,test-challange,,,,1,,,1,1,,1,1,1,,1,,,,1,,,,
4-KhYVO8Ryg_0-50_2-30,043,people/horse,test-challange,1,,,,1,,1,1,1,1,1,1,1,1,1,,1,1,1,1,,1
928KITzIwn0_0-00_0-56,044,people/horse,test-challange,,,,,1,,1,1,1,1,1,1,1,1,,,,1,,,,
R10vdfZrXbk_00-13_01-33,045,people/horse,test-challange,,,,1,1,1,1,1,1,,1,1,1,,1,1,1,1,,,,1
wx-EKo1m3bc_00-00_00-59,046,people/horse,test-challange,,,1,,1,,1,1,1,1,1,1,1,1,1,,1,1,1,,,1
fGuS_WHKC7g_0-32_1-22,047,people/moto,test-challange,,,,,1,1,1,1,1,1,1,1,1,1,,,1,1,,1,,1
iSz9c_lopWI_1-11_3-02,048,people/moto,test-challange,,,1,1,1,1,1,1,1,1,1,1,1,1,1,,1,1,,1,,1
kClwRpbzg7Q_1-28_1-48,049,people/moto,test-challange,,,1,,,,1,1,,1,1,1,1,1,,,,1,,1,1,
pBfXR72szoc_02-25_03-47,050,people/moto,test-challange,,,1,,1,,1,1,1,1,1,1,1,1,1,,1,1,,1,,1
GJwD9xyq6bg_1-40_2-54,051,rabbit,test-challange,,,,,1,,,1,1,,1,1,1,,1,1,1,1,,1,,1
WIKtYyF75a8,052,RC car,test-challange,,,,,,1,,1,1,,1,1,1,,1,,1,1,1,,,1
sKsgSz3onQs_0-34_2-10,053,RC car player,test-challange,,,,,,1,1,,,1,1,1,1,1,,1,1,1,,1,,1
4yR-vnmHUOk_0-11_1-51,054,rollerblader,test-challange,,,,,1,,,1,1,1,1,1,1,1,,,1,1,,,,
RhaxUe5znpc,055,singer,test-challange,,,1,1,1,1,,1,1,1,1,1,1,1,1,,1,1,1,,,1
pFQ9Oj77AqU_1-07_1-31,056,skiing,test-challange,,,,,1,,1,1,,,1,1,,,1,,,,1,,,1
GdP1NnbtkAc_0-00_0-19,057,tiger,test-challange,,,,1,1,,1,1,1,,1,1,1,,,,1,1,,,,
I-Y14gm8C6o_0-22_1-40,058,wing outfit,test-challange,,,1,,1,,1,1,1,1,1,1,1,1,1,,1,1,1,1,1,1
lgHMYJO13IU_0-14_1-30,059,wing outfit,test-challange,,,1,,1,,1,1,1,,1,1,1,1,1,,,1,,1,1,1
_vXUwAFYEbU_0-28_1-35,060,wolf,test-challange,,,,,1,,,1,,,1,1,,1,1,1,,,1,1,,1
_oHoVUQX--A,001,basket,train,,,1,,,,1,,1,1,1,1,1,1,,,1,1,,,,
IIlQ6UuUp_w_0-10_0-35,002,basket,train,,001,,,,,,,1,,1,1,1,1,1,,1,,,1,,1
OLXIgL3ETGo_2-02_3-16,003,bird,train,,003,,1,1,,,1,1,,1,1,,,1,1,1,,1,1,,1
pB8Ew3MgGW8_0-08_1-17,004,bird,train,,004,,1,1,1,,,1,,1,1,,,1,,1,,,1,1,1
3XO8Mp3FE64_0-05_2-00,005,boat,train,,,,1,,,1,1,1,1,1,1,1,1,,,1,1,,,,
3XO8Mp3FE64_0-06_1-39,006,boat,train,,,,1,,1,,,1,1,1,1,1,1,,1,1,1,,,,
9WbpbE9Bhc4_0-14_1-20,007,boat,train,,,,1,,1,,,1,1,1,1,1,1,,1,,1,,,,
akgvHPe04k8_9-28_9-53,008,boat,train,,,,1,,,1,,,,1,1,1,1,,,1,1,,1,1,1
D-YmLqeWNK0_0-26_1-10,009,boat,train,,,1,1,,1,1,1,,,1,1,1,1,,,1,1,,1,1,1
dIPE9g4Rndw_1-30_03-40,010,boat,train,,,1,,,,1,1,1,,1,1,,,1,,1,,1,,,1
kdDvAZDkHAY_0-15_2-45,011,boat,train,,,,,,1,1,,1,1,1,1,1,1,1,,,1,1,1,,
LKMXh8F93kk_4-10_6-16,012,boat,train,,006,,,,,1,1,,,1,1,1,1,,,1,1,,,,1
yPE4WRb3Cyk_2-05_3-56,013,boat,train,,007,1,1,,,1,1,1,1,1,1,1,1,,,1,1,,,,
yPE4WRb3Cyk_3-09_3-42,014,boat,train,,008,,1,,,1,1,1,1,1,1,1,1,,,1,1,,,,
LSiD75cqIsc_17-28_28-50,015,boxing,train,,,,,1,1,,1,1,1,1,1,1,1,,,,1,,,,
PGqPb33b2vY_1-40_3-14,016,brand,train,,,,,,,1,1,1,1,1,1,1,1,,,1,1,,1,1,1
-6viH6dTaNU_0-40_1-30,017,building,train,,014,1,,,1,,,1,1,1,1,1,1,,,1,1,,,,
bC_Pa-7Nitc_5-43_6-18,018,building,train,,,,,,,1,1,1,,1,1,1,1,,,1,1,,,,
CjN8U3EovJo_6-17_7-15,019,building,train,,015,,,,1,,,1,1,1,1,1,1,1,,1,1,,1,1,1
Ctm4-Xoc204,020,building,train,,016,,,,1,1,,1,1,1,1,1,1,1,1,1,1,1,1,,1
-6viH6dTaNU_5-03_5-58,021,bus,train,,018,,,,,1,,1,1,1,1,1,1,,,1,1,,,,
2Lq86MKesG4_1-00_3-20,022,bus,train,,,,1,,,,,1,,1,1,,,1,,1,,1,,,1
3f0AfnedE1w_0-10_2-00,023,car,train,,019,1,,,,1,1,,,1,1,1,1,,,1,1,,,,
3fmCc36hcgc_2-30_3-30,024,car,train,,,,1,,1,,,1,1,1,1,1,1,,,1,1,,,,
aczRGIysZGQ_17-45_19-30,025,van,train,,,1,,,,1,1,1,1,1,1,,1,,,,1,,,,
HMWNrI99WOk_1-35_2-20,026,car,train,,,1,1,,,1,1,1,,1,1,1,1,,,1,1,,,,1
iGqkyhpRO0M_0-10_3-35,027,car,train,,,1,1,,,1,1,,,,1,1,1,,,1,1,,,,
mb6U8b2pSOI_0-50_1-26,028,car,train,,,,1,,1,,,,1,1,1,1,1,,,,1,,,,
QjapzekgQew,029,car,train,,,,,,1,1,,1,,1,1,1,,1,,1,,1,1,1,1
RlT1S9oLus8_0-32_0-48,030,car,train,,,,,,,1,1,,,1,1,,,,,,,,,,
SZInWrKOUrQ_2-35_3-25,031,car,train,,,1,,,1,1,1,1,,1,1,,,,,,1,,,,
TuBKDk1ouQU_00-40_01-50,032,RC car,train,,026,,1,,,1,1,1,,1,1,,1,1,,,1,,,,1
VGY4ksezNkY_2-10_3-14,033,car,train,,027,,,,,1,1,1,,1,1,,1,,,,1,,1,,1
_J7qXbbXY80_0-08_2-00,034,cloud,train,,029,,1,,1,1,,1,1,1,1,1,1,1,,1,1,,1,1,1
Disney,035,cup,train,,030,,,,,,1,1,1,1,1,1,1,,,1,1,,,,
tG6Vo_54LNc_9-00_10-04,036,dancer,train,,031,,1,1,1,,1,,,1,1,,,1,,1,,,,,
XxUBy1ZCz5o_0-15_2-46,037,dancer,train,,032,,,1,1,,1,,1,1,1,,1,1,,1,,1,,,1
Z7mK3sd6dPg_1-48_3-30,038,dancer,train,,033,,1,1,1,,1,1,1,1,1,1,1,1,,1,1,1,,,1
cx14KBTsNTs_0-10_1-22,039,diver,train,,034,,,1,,,1,,,1,1,,,1,,,,1,1,,
qjTVROAU_Zk_0-00_1-00,040,diver,train,,035,1,,1,,,1,,,1,1,,,1,1,1,,1,1,1,1
2ZjjkCiHhyQ_10-08_11-56,041,dog,train,,036,,1,1,1,,1,1,1,1,1,1,1,1,1,1,1,1,,,1
2ZjjkCiHhyQ_11-26_13-17,042,dog,train,,037,,1,1,1,,1,,1,1,1,1,1,1,1,1,1,1,,,
3aVfWROXA6c_0-50_1-50,043,dolphin,train,,038,1,1,1,1,,1,1,,1,1,1,1,,,1,1,,1,1,1
BbT_e8lWWdo_0-45_1-16,044,dolphin,train,,039,,1,1,,,1,1,,1,1,,,,,,,,1,1,1
_AmrVDTlHA4_0-07_0-37,045,drone,train,,040,,1,,,,,1,1,1,1,1,1,1,,1,1,1,1,1,1
9SHQyAZHQz8,046,drone,train,,041,1,,,1,,1,1,1,1,1,1,1,,,1,1,,1,1,
aWKEA7cn0a0_0-55_1-35,047,drone,train,,,,1,,1,1,1,1,1,1,1,1,1,,,1,1,,1,1,1
cHR7CAWJqf8_0-27_2-00,048,drone,train,,,1,1,,,1,1,,1,1,1,1,1,,,1,1,,1,1,1
froAjyhyLeg_0-59_2-20,049,drone,train,,,1,1,,,1,1,,1,1,1,1,1,,,1,1,,1,1,
Hy_8wasVj3w_0-02_00-31,050,drone,train,,,1,1,,1,1,1,,1,1,1,1,1,,,1,1,,1,1,1
s5gTHNNPsQ8_0-52_1-22,051,drone,train,,,,1,,,1,,,,1,1,,1,,,,1,,,,
TeLth_3OE7w_00-50_01-14,052,drone,train,,,,1,,,1,1,1,1,1,1,1,1,,1,,1,,1,1,1
VGY4ksezNkY_3-16_3-39,053,drone,train,,,1,1,,,1,,,,1,1,1,1,,,,1,,,,
Znfg4HXXiyc,054,drone,train,,,,1,,1,1,1,1,1,1,1,1,1,,1,1,1,,,,1
5N_EAkdAQiE_3-40_4-07,055,elephant,train,,,,1,1,,,1,,,1,1,,1,,,,,,,,
4yB_hwKe4Dc_0-20_02-27,056,F1 car,train,,044,1,1,,,,,1,1,1,1,1,1,,1,,1,,,,
flY2fPOrs5Y,057,F1 car,train,,045,,1,,1,,,1,,1,1,,1,1,1,1,,1,,,1
N491WgHfjWQ_0-10_3-05,058,F1 car,train,,046,,1,,1,,,1,,1,1,,,,,1,,,,,
3G9BRYdQwfA_0-10_1-20,059,pedestrian,train,,,,,1,,,,1,1,1,1,,1,,,,1,,,,
7nXn0zMnUqA_10-45_19-20,060,fly,train,,047,,1,,1,1,,1,1,1,1,1,1,,,1,1,,1,,
AMG4rElThxI_6-12_7-56,061,fly,train,,,1,1,,,1,1,1,1,1,1,1,1,,1,1,1,,1,1,1
DNT0OvsjK6Q_1-01_2-42,062,fly,train,,,,1,,,,,1,,1,1,,,1,,1,,,1,,1
H6SsB3JYqQg_00-01_01-30,063,fly,train,,,,1,,,,,,,1,1,,,1,,,,1,1,,1
H6SsB3JYqQg_5-40_6-28,064,fly,train,,,1,1,,1,1,1,1,1,1,1,1,1,1,,1,1,1,1,1,1
mKZNZ1BPB5s_0-02_0-20,065,fly,train,,048,,,,,1,1,1,,,1,,1,,,,1,,1,1,1
pR97PVvChuo,066,fly,train,,049,,1,,,1,1,1,1,1,1,,1,,,,1,,,,1
WPtpS2wf-0Y_2-28_4-00,067,fly,train,,050,1,1,,,1,1,1,,,1,1,1,,,,1,,1,,1
EefzOjxBT8E_2-25_3-45,068,fox,train,,,1,1,1,1,,1,1,1,1,1,,1,,1,,1,,1,1,1
0DYnFfweKj0_0-39_1-08,069,giraffe,train,,,,1,1,,,1,1,,1,1,,,,,,,,,,
bSo-_jkyN2M_1-32_2-02,070,giraffe,train,,,,1,1,,1,1,1,,1,1,,1,,,,1,,,,
-qP8rjfzQyE_2-18_3-30,071,helmet,train,,055,1,,,,,1,1,,1,1,1,,1,,1,1,1,1,1,1
NJIHRxIwzkM_0-09_1-25,072,hockey player,train,,,,1,1,1,,,1,,1,1,1,1,1,,1,1,,1,1,1
NJIHRxIwzkM_0-09_7-25,073,hockey player,train,,053,,,1,1,,,1,,1,1,1,1,1,,1,1,,1,1,1
z_7ikauwrJ8_3-22_4-58,074,hockey player,train,,054,,,1,1,,1,1,1,1,1,1,1,1,,1,1,1,1,1,1
F6-ORMasSE8_0-00_0-50,075,horse,train,,057,1,,1,,1,,,,,1,,,1,,1,,1,,,1
t88g8sZaVi4_0-20_0-45,076,kangaroo,train,,,1,1,1,,,1,1,1,1,1,1,1,,,1,1,,,,1
63fXIHVuwUU_1-43_2-55,077,kart,train,1,058,1,,,,1,1,1,,1,1,1,1,,,1,1,,1,,
9DgfAh3nGfg_7-00_9-00,078,kart,train,,,,1,,1,,,1,1,1,1,1,1,1,,1,1,1,,,1
dsGzEQ1z_vo,079,kart,train,,060,1,1,,1,,,1,,1,1,,1,1,1,1,,,,,
hTMM7Pm3WZ8_0-05_2-07,080,F1 car,train,,,,,,1,,,,,,1,,,1,1,,,,,,
MIqV5iqLsTE_0-36_1-20,081,kart,train,,,1,1,,,,,1,1,1,1,,1,1,,1,1,1,,,1
MIqV5iqLsTE_2-44_3-26,082,kart,train,,,1,,,,1,1,1,1,1,1,1,1,,,1,1,,,,1
rRC94BQmE-w_0-30_2-15,083,kart,train,,061,,,,,1,1,1,,1,1,1,,,,1,1,,,,
XMx_c3JM4FQ_1-48_2-50,084,F1 car,train,,062,1,,,,1,1,,,,1,1,,,,1,1,,,,
yoFWrNk29hQ_2-57_3-30,085,kid,train,,063,1,1,1,1,,1,1,1,1,1,1,1,1,1,1,1,,,,1
-4xtQ2bUUoQ_0-40_2-10,086,kitty,train,,064,,1,1,1,,1,1,1,1,1,1,1,1,,1,1,1,,,
-4xtQ2bUUoQ_2-17_4-30,087,kitty,train,,065,,1,1,1,,1,1,1,1,1,1,1,1,1,1,1,1,1,,1
-Xp03_aJSMo_0-45_7-30,088,kitty,train,,066,,1,1,1,,1,1,,1,1,,,1,,1,1,,1,1,1
0RtmVnD8_XM_0-00_1-57,089,kitty,train,,067,,1,1,1,,1,1,1,1,1,1,1,1,,1,1,1,1,,1
3ooZWLeulrA_2-45_3-30,090,lego,train,,069,1,1,,,,,1,,,1,1,1,1,,1,1,,,,
3ooZWLeulrA,091,lego,train,,068,1,1,,,,,1,1,1,1,1,1,1,,1,1,,,,
f3npx5FZzbY_0-50_02-00,092,monkey,train,,070,1,,1,1,,,1,,1,1,,,1,,1,1,,1,1,1
pM_wQUJA2hQ_0-00_2-30,093,panda,train,,,1,1,1,,,1,1,1,1,1,1,1,,,,1,,1,1,1
RwtgKA9Y2s0_0-00_1-53,094,panda,train,,073,,,1,,,1,,,1,1,,,1,,1,,1,,,1
OPdtvQ1MwSA_6-13_6-56_2,095,parachute,train,,,1,,,,1,,,1,1,1,1,1,,,,1,,1,,
-Fw00n9hcd8_0-00_1-10,096,pedestrian,train,,074,,1,1,1,,,1,1,1,1,1,1,,,,1,,,,
F4h_MVrn92s_0-06_0-46,097,pedestrian,train,,,,1,1,,,1,1,1,1,1,,1,,,,1,,,,
FzrkpXlRP1M_0-31_1-00,098,pedestrian,train,,,,,1,,,1,1,1,1,1,1,1,,,1,1,,,,
IhehCP6wzVQ_0-21_1-17,099,pedestrian,train,,,,1,1,,1,1,1,1,1,1,,1,,,,1,,,,1
mGD6f4j15BA_0-00_2-00,100,pedestrian,train,,,1,1,1,,1,1,1,1,1,1,1,1,,,1,1,,,,1
rZfm3WGAmKw_1-19_1-45,101,pedestrian,train,,,,1,,,1,,1,,1,1,,1,,,,1,,1,,
wwH3fygSNVU_2-13_2-36,102,penguin,train,,,1,,1,,,1,1,,1,1,1,1,,,1,1,,,,
_C9i7tHu6RE_start_0-35,103,people/bike,train,,076,,1,,1,,,1,1,1,1,,1,,,1,,,1,,1
1FW531fBb40,104,people/bike,train,1,002,1,,1,1,,1,,1,1,1,1,1,,1,,1,,1,1,1
1toQxYBLA7o_1-19_1-59,105,people/bike,train,1,077,,,1,1,,,,,1,1,,,1,1,1,,1,,,1
79zw-j3n6gw_2-40_4-25,106,people/bike,train,1,078,,,,,1,1,1,1,1,1,,1,,,,1,,,,
9aCh4azo6h0_0-24_1-01,107,people/bike,train,,,,1,1,1,,,1,1,1,1,1,1,1,,1,1,,1,,1
AnDYhotuPsY_1-30_2-30,108,people/bike,train,,,1,1,1,,1,1,1,1,1,1,1,1,,,1,1,,,,
dgyEQYBX9qI,109,people/bike,train,,,,,1,1,1,1,1,,1,1,1,1,,,1,1,1,1,,1
gqgtTiUHIn8_1-14_1-44,110,people/bike,train,,,,1,1,1,,1,,,1,1,1,1,,,1,1,,,,
Lg6YYMZzxVk_start_2-39,111,people/bike,train,,,1,,,,1,,1,,,1,,,,,,1,,,,
VNe6v2qNreo_0-04_0-26,112,people/bike,train,,,,1,,1,,1,1,,1,1,1,1,,1,,1,,,,
2NnqO9W-NWQ_1-00_1-50,113,people/boat,train,,005,,1,,1,,,1,1,1,1,1,1,1,1,,1,1,,,1
2Lh0eKI_8hM_0-00_1-36,114,people/horse,train,1,080,,1,1,,1,1,1,,1,1,,1,,,,1,,1,,
3vCKOecrPsQ_0-00_1-10,115,people/horse,train,,056,1,1,1,1,,,1,1,1,1,1,1,1,,1,1,,,,
4Fnawph92wI_0-00_0-30,116,people/horse,train,,081,,,1,,1,1,,,1,1,,,1,,,,,,,
bZEfPeHUbOY_1-10_2-35,117,people/horse,train,1,,,1,1,1,,,1,1,1,1,1,1,1,1,,1,1,1,,1
HofGoDl9upg_1-26_2-45,118,people/horse,train,,,,1,1,1,1,,1,1,1,1,1,1,1,,,1,,,,
silcsSn6V20_0-00_2-04,119,people/horse,train,,,,,1,1,,,1,1,1,1,,1,1,,,1,1,,,
tDd0xnlCYOk_1-16_2-25,120,people/horse,train,,082,,1,1,1,,,1,,1,1,,1,1,1,,,,,,
TheKh4NWgAQ_2-32_3-52,121,people/horse,train,,083,1,1,,,1,1,,,1,1,,1,,,,,,,,
-jooIQE4cvM_0-14_2-50,122,people/moto,train,,084,1,1,1,1,1,,1,1,1,1,1,1,,1,1,1,,,,
65mGNcmcLAQ_1-36_6-00,123,people/moto,train,,085,1,,,1,,,1,1,1,1,1,1,1,1,1,1,,1,,1
dJ5gLZqomiE_1-55_3-40,124,people/moto,train,,086,1,1,1,1,,,1,1,1,1,,1,1,1,,,1,,,1
dWmk_qZs9xs_0-00_1-29,125,people/moto,train,1,071,1,1,,1,,,1,,,1,,,1,,1,,,,,
eUFKDlhE_xQ_0-42_2-05,126,people/moto,train,,087,,1,1,,1,1,1,1,1,1,1,1,,,1,1,,1,,
G2eS9SKT3ro_00-10_01-20,127,people/moto,train,,088,1,1,,1,,,1,1,1,1,1,1,1,,1,1,,1,,
iHQhWOATM5c,128,people/moto,train,,089,1,1,,,,,1,1,1,1,1,1,,,,1,,1,,
iHQhWOATM5c_00-08_end,129,people/moto,train,,090,1,1,,1,,,1,1,1,1,1,1,,,1,1,,1,,
KhM4wCxAG8Y_1-21_3-28,130,people/moto,train,,091,,,,1,,,1,,1,1,,,1,1,1,,,1,,1
LuwZTaljCOY_00-15_00-47,131,people/moto,train,,,1,1,,1,,,1,1,1,1,1,1,1,1,1,1,,,,
pBfXR72szoc_00-45_01-45,132,people/moto,train,,,,1,,1,,,1,1,1,1,1,1,,1,1,1,,,,
pBfXR72szoc_01-05_02-10,133,people/moto,train,,092,,1,1,,,,1,1,1,1,1,1,1,,,1,,,,
ZLEizWflDEo_00-04_01-20,134,people/moto,train,,093,,1,,,1,1,1,1,1,1,1,1,,,1,1,,,,
stswpic-z5E_0-40_2-20,135,rabbit,train,,094,,1,1,,,1,1,,1,1,,,1,,1,,,1,1,1
60oi8-vtZdE_01-00_2-20,136,RC car,train,,020,1,,,1,,1,1,1,1,1,1,1,,,1,1,,,,
F0ToONRaVps_0-12_end,137,RC car,train,,024,,1,,,,1,1,1,1,1,1,1,,,1,1,,,,
fd_v6OfXB4g_3-00_5-15,138,RC car,train,,025,1,,,1,,,,,1,1,1,1,1,1,,1,,,,1
KaqsQeAKRKc_0-51_1-34,139,RC car,train,,,1,1,,1,,,1,,1,1,1,,1,1,1,1,,,,
sKsgSz3onQs_3-08_4-55,140,RC car,train,,,,1,,,,1,1,1,1,1,1,1,,1,1,1,,,,
VGTuARV3LBo_0-00_0-52,141,rhinoceros,train,,095,,1,1,,,,1,,1,1,,,1,,,,,,,
3pg8KWMhBho_0-30_5-20,142,rollerblader,train,,096,1,1,1,1,,,1,1,1,1,1,1,,,1,1,,,,
O3VNDvx1YOE_0-46_3-50,143,rollerblader,train,,097,1,1,1,,,1,1,1,1,1,1,1,1,,1,1,1,,,1
22ORGkhDOTM_4-51_5-19,144,shark,train,,098,,1,1,,,,1,,1,1,,,1,,1,,,1,,
XP82J3Hl3rI_5-34_6-30,145,shoes,train,,099,,1,,1,1,,,1,1,1,1,1,,,1,1,,1,1,1
e_oR0fkPehY_00-43_01-10,146,skateboarder,train,,100,,,1,1,,1,1,,1,1,1,1,,1,,1,,,,
e_oR0fkPehY_1-57_2-40,147,skateboarder,train,,101,,1,1,1,,1,1,,1,1,1,1,1,,1,1,,1,1,1
e_oR0fkPehY_3-04_3-48,148,skateboarder,train,,,,1,1,1,,1,1,,1,1,1,1,,1,1,1,,,,
IpjyW_xdDrY_0-09_01-29,149,skateboarder,train,,,1,1,1,1,,,1,1,1,1,1,1,1,,1,,,,,
oNGpFwX5Bqo_1-02_1-25,150,skateboarder,train,,,,,1,,1,1,1,,1,1,1,1,,,1,1,,1,1,1
WHsORKVyJys_3-40_6-45,151,skateboarder,train,,,1,,,,1,,1,1,1,1,1,1,,,1,1,,,,
2fbzIUqCW-E_0-44_1-45,152,skiing,train,,102,,1,1,1,,1,1,1,1,1,1,1,,,1,1,,1,,
2fbzIUqCW-E_1-14_2-20,153,skiing,train,,103,,1,1,1,,1,,,1,1,1,1,1,,1,1,,1,,1
68aUL0U5VhA_1-22_2-03,154,skiing,train,,104,,,1,,1,1,1,1,1,1,1,1,,,,1,,,,
JqzVfL47xgs,155,skiing,train,,105,1,1,1,1,,,1,1,1,1,1,1,,,1,1,,,,
LDeM8bItwyw_0-08_01-46,156,skiing,train,,,,1,,1,,,1,1,1,1,1,1,,1,1,1,,1,,
f3psRHZ2wck_00-07_1-05,157,skydiver,train,,108,,,1,,,1,1,,1,1,1,1,1,,1,1,1,1,,1
o6fjhstdn6M_2-32_3-00,158,skydiver,train,,109,,,1,,1,1,,1,1,1,1,1,,,,1,,1,,1
OPdtvQ1MwSA_6-13_6-56,159,skydiver,train,,,1,1,,,1,1,,,1,1,1,1,,,1,1,,1,,
S5XXsRuMPIU_2-35_3-15,160,skydiver,train,,,1,1,1,,,1,1,,1,1,1,,1,,,1,,1,,
NWT2p-M1NOw_0-10_0-47,161,squirrel,train,,111,,,1,,,,,,1,1,1,,1,1,1,,1,1,,1
HhZR62d5Fi4_0-01_1-06,162,surfer,train,,112,,1,1,1,,,1,1,1,1,1,1,,,,,,,,
OrR6HaOCQ8w_0-16_1-03,163,surfer,train,,,,1,,,1,1,1,1,1,1,1,1,,,,1,,,,
9Wn_fxTIuR0,164,tire,train,,114,1,,,1,1,,1,1,1,1,1,1,,,1,1,,1,,
MSYnU99Ubzc_0-18_1-40,165,train,train,,115,1,1,,1,1,,1,,1,1,1,1,1,,1,1,1,1,1,1
sU8oSjtZlx4_2-40_3-33,166,turtle,train,,116,1,,1,,,1,,1,1,1,1,1,1,,,1,1,,,1
AX4hWfyHr5g,167,wing outfit,train,,117,,1,1,1,,,1,1,1,1,1,1,1,1,1,1,1,1,1,1
l0B-jPHyMY4_0-08_2-20,168,wing outfit,train,,118,1,,1,1,1,1,1,,1,1,1,1,1,,1,1,1,1,1,1
QlfdPwwjwEQ_1-34_3-00,169,wing outfit,train,,119,,,1,,,,1,,1,1,1,1,1,,1,,1,1,1,1
CjN8U3EovJo_2-06_2-30,170,wood,train,,,,1,,,1,1,1,,1,1,,1,,,,1,,1,,1
J9iME9ps56U_4-41_5-30,,boat,none,,,,,,,,,,,,,,,,,,,,,,
J9iME9ps56U_8-24_8-56,,boat,none,,,,,,,,,,,,,,,,,,,,,,
JJWKDtubnOs_0-35_1-05,,boat,none,,,,,,,,,,,,,,,,,,,,,,
y2HS07WGo-E_1-09_2-57,,boat,none,,011,,,,,,1,1,,1,1,1,1,,,1,1,,,,
_0gTulS34Tc_0-30_end,,building,none,,012,1,,,1,,,1,1,1,1,1,1,,,1,1,,1,,1
_7_DQO2_cjw_1-00_02-05,,building,none,,013,,1,,1,,,1,1,1,1,1,1,,,,1,,,,
ELyphY22pBY_0-30_1-44,,building,none,,017,,,,1,1,,1,1,1,1,1,1,,1,1,1,,1,1,1
9g1GktDFFDU_4-20_5-20,,car,none,,,1,1,,1,,,1,,1,1,,,,,1,,,,,
A-U7tGXVuBc_3-05_5-45,,car,none,,,1,1,,1,,,1,1,1,1,1,1,,,,1,1,,,
bntHRNNF74k_2-30_4-00,,car,none,,021,,1,,1,,,,,1,1,,1,,,1,,,1,,
Lo7vXiFdmNU_2-30_4-30,,car,none,,022,,,,,,,,,,,,,,,,,,,,
Lo7vXiFdmNU_2-30_4-30_2,,car,none,,023,,,,,,,,,,,,,,,,,,,,
U5xEHvTuMrM_00-10_02-35,,car,none,,028,,1,,1,,1,1,1,1,1,1,1,,,1,1,,,,
TuD2aSlDCC0_0-00_1-30,,diver,none,,,,,,,,,,,,,,,,,,,,,,
a_XIZHXRw4I_0-05_1-35,,elephant,none,,042,,1,1,,,,1,1,1,1,1,1,,,,1,,,,
FzVukhe7KWk_2-40_4-44,,elephant,none,,043,1,1,1,1,,,1,,1,1,,,1,,,,,,,
sF-yZWqCEDM_0-28_end,,fly,none,,051,,1,,1,,1,1,1,1,1,1,1,1,,1,1,1,1,1,1
wgh6FgmO_gw_9-35_11-15,,fly,none,,052,,,,1,,,,,,1,,,,,,,,,,
bP3gouhTMow_6-00_7-30,,kart,none,,059,1,1,,1,,,1,,1,1,1,,1,,1,1,,,,
R_Pb5_cEzNU_0-05_0-50,,panda,none,,072,,,1,,,,1,1,1,1,1,1,,,,,,,,
HvLqRvzT9RY,,people/bike,none,,079,1,1,,1,1,,1,1,1,1,1,1,1,,,1,,1,,1
2yPFxRebPKo_1-05_2-25,,people/horse,none,,,,,,,,,,,,,,,,,,,,,,
E0YgxclNnRM_1-15_2-25,,people/horse,none,,,,,,,,,,,,,,,,,,,,,,
LpNZmoQ0Q8o_0-00_0-55,,people/moto,none,,,,,,,,,,,,,,,,,,,,,,
LuwZTaljCOY_0-27_0-56,,people/moto,none,,,,,,,,,,,,,,,,,,,,,,
Wh8ygEXyBd0_2-11_2-50,,people/moto,none,,,,,,,,,,,,,,,,,,,,,,
KA9vPGpsmRQ_2-10_end,,RC car player,none,,075,,,,1,,,,1,1,1,1,1,1,1,1,1,1,,,1
iQUjoGVBlng_4-50_7-30,,robot,none,,,,,,,,,,,,,,,,,,,,,,
ZKSCy6Jzmck_0-00_1-08,,skiing,none,,106,1,1,,1,,,1,1,1,1,1,1,,,1,,,,,
AZe29x44wZ0_1-52_2-50,,skydiver,none,,,,,1,,,1,1,,1,1,,1,1,,,,,1,,1
d8mVm2VNQYo_0-30_end,,skydiver,none,,107,,,,,,,,,,,,,,,,,,,,
XZj03Mbifbo_0-50_1-20,,skydiver,none,,,,,,,,,,,,,,,,,,,,,,
XZj03Mbifbo_1-05_1-20,,skydiver,none,,,,,,,,,,,,,,,,,,,,,,
Y-Iir3C_Jg4_start_0-47,,skydiver,none,,110,,,1,,1,1,1,,1,1,,,1,,1,1,1,1,1,1
LKMXh8F93kk_7-08_7-40,,surfer,none,,113,,,,1,,1,1,1,1,1,1,1,,,1,1,,1,1,
wBh5uIpuWSg_start_02-40,,wing outfit,none,,120,1,,1,,,1,1,1,1,1,1,1,1,,1,1,,1,1,1
,,,,,,,,,,,,,,,,,,,,,,,,,
test+train,,,,,,106,162,160,106,147,193,222,152,268,289,184,210,135,63,182,227,84,120,65,154
test+train+challenge,,,,,,127,182,197,124,185,251,265,180,322,349,230,245,164,76,224,280,100,138,75,190