sequence,domain,n_frames,scene_tags,ODTrack_AUC,ODTrack_SR,ODTrack_FPS,SUTrack-T224_AUC,SUTrack-T224_SR,SUTrack-T224_FPS,SUTrack-B224_AUC,SUTrack-B224_SR,SUTrack-B224_FPS,UETrack_AUC,UETrack_SR,UETrack_FPS,LoRAT_AUC,LoRAT_SR,LoRAT_FPS,ODTrack-ft-v4-ep1_AUC,ODTrack-ft-v4-ep1_SR,ODTrack-ft-v4-ep1_FPS,ODTrack-ft-v4-ep4_AUC,ODTrack-ft-v4-ep4_SR,ODTrack-ft-v4-ep4_FPS,ODTrack-ft-ep6_AUC,ODTrack-ft-ep6_SR,ODTrack-ft-ep6_FPS,ODTrack-ft-ep7_AUC,ODTrack-ft-ep7_SR,ODTrack-ft-ep7_FPS,best_method,best_AUC
train_real/seq_0001,train_real,1637,,0.7856,1.0000,18.8,0.8266,1.0000,48.4,-,-,-,-,-,-,-,-,-,-,-,-,-,-,-,-,-,-,-,-,-,sutrack_t224,0.8266
train_real/seq_0002,train_real,2256,scale,0.6226,0.8652,23.1,0.7505,0.9344,50.1,0.6196,0.7871,28.4,0.7212,0.9370,53.0,0.7553,0.9277,9.3,0.6046,0.8466,13.4,0.6120,0.8683,13.4,0.6002,0.8461,14.4,0.6030,0.8461,15.9,lorat,0.7553
train_real/seq_0003,train_real,2210,scale,0.8769,0.9746,23.5,0.8910,0.9964,49.7,0.8847,0.9991,27.8,0.9079,0.9968,54.1,0.9165,0.9968,9.4,0.7624,0.9665,15.9,0.7783,0.9647,12.8,0.7494,0.9588,14.2,0.7650,0.9656,15.4,lorat,0.9165
train_real/seq_0004,train_real,963,scale;hard;drift,0.3179,0.2380,24.7,0.4602,0.3898,47.3,0.2925,0.1694,27.2,0.5994,0.5728,53.5,0.7455,0.9979,9.0,0.3113,0.1809,16.5,0.3150,0.1871,13.1,0.2907,0.1476,14.5,0.3199,0.1913,15.4,lorat,0.7455
train_real/seq_0005,train_real,835,scale,0.6053,0.6715,25.0,0.5816,0.5456,50.9,-,-,-,-,-,-,-,-,-,-,-,-,-,-,-,-,-,-,-,-,-,baseline,0.6053
train_real/seq_0006,train_real,920,scale,0.6480,0.7301,24.9,0.5847,0.7106,39.5,-,-,-,-,-,-,-,-,-,-,-,-,-,-,-,-,-,-,-,-,-,baseline,0.6480
train_real/seq_0007,train_real,2165,scale,0.4489,0.6325,25.0,0.5411,0.7157,49.8,0.6533,0.7739,27.8,0.2304,0.2617,53.5,0.2332,0.2691,8.9,0.4249,0.6140,15.5,0.4377,0.6269,13.9,0.4181,0.6140,15.2,0.4206,0.6163,15.5,sutrack_b224,0.6533
train_real/seq_0008,train_real,1791,small;seam;scale,0.5292,0.6536,25.5,0.4712,0.5832,40.3,-,-,-,-,-,-,-,-,-,-,-,-,-,-,-,-,-,-,-,-,-,baseline,0.5292
train_real/seq_0009,train_real,5738,seam,0.5638,0.7272,22.9,0.5896,0.7751,45.6,-,-,-,-,-,-,-,-,-,-,-,-,-,-,-,-,-,-,-,-,-,sutrack_t224,0.5896
train_real/seq_0010,train_real,5755,seam;scale;hard;drift,0.0766,0.0052,11.7,0.0725,0.0049,18.4,-,-,-,-,-,-,-,-,-,-,-,-,-,-,-,-,-,-,-,-,-,baseline,0.0766
train_real/seq_0011,train_real,5530,seam;scale,0.6866,0.8971,23.9,0.6777,0.8634,45.2,-,-,-,-,-,-,-,-,-,-,-,-,-,-,-,-,-,-,-,-,-,baseline,0.6866
train_real/seq_0012,train_real,5480,scale,0.5775,0.7848,23.3,0.5893,0.8025,43.0,0.6133,0.8525,28.7,0.5693,0.7518,46.3,0.6107,0.8443,8.9,0.6299,0.8113,16.6,0.6569,0.8673,13.7,0.6264,0.8065,14.4,0.6377,0.8443,14.6,ft_v4_ep4,0.6569
train_real/seq_0013,train_real,5604,small;scale;absent;hard;drift,0.3300,0.3484,25.1,0.3365,0.3484,46.6,0.3374,0.3484,28.3,0.3414,0.3467,45.9,0.3230,0.3484,8.3,0.3389,0.3484,14.7,0.3371,0.3484,17.7,0.3408,0.3484,18.1,0.3401,0.3484,15.7,uetrack,0.3414
train_real/seq_0014,train_real,6184,seam;scale,0.7105,0.9392,25.6,0.6539,0.8515,42.1,-,-,-,-,-,-,-,-,-,-,-,-,-,-,-,-,-,-,-,-,-,baseline,0.7105
train_real/seq_0015,train_real,1368,large;seam;absent;hard;drift,0.2524,0.1111,9.9,0.2420,0.0654,26.2,0.2246,0.0700,22.1,0.2020,0.0472,12.9,0.2396,0.1020,8.6,0.2253,0.1187,7.0,0.2206,0.1294,8.1,0.2274,0.1355,7.8,0.2218,0.1294,7.4,baseline,0.2524
train_real/seq_0016,train_real,2487,polar;seam;hard;drift,0.0595,0.0000,10.0,0.3892,0.3801,41.9,0.2261,0.1541,27.2,0.2461,0.1408,29.1,0.0945,0.0000,9.5,0.4293,0.4276,15.3,0.2072,0.1046,12.7,0.1980,0.1078,12.1,0.2161,0.1267,14.4,ft_v4_ep1,0.4293
train_real/seq_0017,train_real,1397,seam,0.8573,0.9871,25.5,0.8315,0.9842,42.5,-,-,-,-,-,-,-,-,-,-,-,-,-,-,-,-,-,-,-,-,-,baseline,0.8573
train_real/seq_0018,train_real,3788,seam;scale,0.5450,0.6773,27.3,0.6300,0.7774,42.0,-,-,-,-,-,-,-,-,-,-,-,-,-,-,-,-,-,-,-,-,-,sutrack_t224,0.6300
train_real/seq_0019,train_real,5003,small;seam;scale,0.8186,0.9904,27.9,0.7363,0.9048,40.7,-,-,-,-,-,-,-,-,-,-,-,-,-,-,-,-,-,-,-,-,-,baseline,0.8186
train_real/seq_0020,train_real,12246,scale,0.6658,0.8515,26.4,0.5040,0.6094,40.8,0.6866,0.8676,25.6,0.5331,0.6655,35.9,0.5384,0.6709,8.0,0.6968,0.8521,20.0,0.6990,0.8524,20.1,0.6966,0.8514,17.0,0.7064,0.8667,15.0,ft_ep7,0.7064
train_real/seq_0021,train_real,1655,,0.8797,0.9927,28.8,0.8131,0.9794,42.9,-,-,-,-,-,-,-,-,-,-,-,-,-,-,-,-,-,-,-,-,-,baseline,0.8797
train_real/seq_0022,train_real,15311,seam;scale,0.5114,0.5992,27.8,0.4920,0.5897,39.7,0.1544,0.1295,25.9,0.5145,0.5898,43.7,0.7075,0.8709,7.8,0.5399,0.6302,17.6,0.5687,0.6679,17.8,0.5071,0.5828,16.9,0.5767,0.6736,19.8,lorat,0.7075
train_real/seq_0023,train_real,3748,,0.6065,0.8543,26.7,0.5080,0.7203,38.5,-,-,-,-,-,-,-,-,-,-,-,-,-,-,-,-,-,-,-,-,-,baseline,0.6065
train_real/seq_0024,train_real,3214,scale,0.7236,0.8636,29.8,0.7513,0.9265,40.3,-,-,-,-,-,-,-,-,-,-,-,-,-,-,-,-,-,-,-,-,-,sutrack_t224,0.7513
train_real/seq_0025,train_real,895,large;scale,0.5688,0.7416,26.3,0.5760,0.7371,38.9,-,-,-,-,-,-,-,-,-,-,-,-,-,-,-,-,-,-,-,-,-,sutrack_t224,0.5760
train_real/seq_0026,train_real,29457,seam;scale;absent;hard;drift,0.2022,0.2034,25.6,0.5478,0.6584,39.6,0.4920,0.5902,25.7,0.4848,0.5718,38.0,0.5485,0.6697,8.2,0.1216,0.0704,12.8,0.5015,0.5927,16.4,0.5198,0.6177,16.6,0.5219,0.6208,11.9,lorat,0.5485
train_real/seq_0027,train_real,793,large;seam;fast;hard;drift,0.0942,0.0063,11.5,0.1071,0.0126,22.5,-,-,-,-,-,-,-,-,-,-,-,-,-,-,-,-,-,-,-,-,-,sutrack_t224,0.1071
train_real/seq_0028,train_real,3373,seam,0.7412,0.9766,27.1,0.7455,0.9801,39.9,-,-,-,-,-,-,-,-,-,-,-,-,-,-,-,-,-,-,-,-,-,sutrack_t224,0.7455
train_real/seq_0029,train_real,1282,small,0.7642,0.9859,31.5,0.7304,0.9750,42.5,-,-,-,-,-,-,-,-,-,-,-,-,-,-,-,-,-,-,-,-,-,baseline,0.7642
train_real/seq_0030,train_real,4771,seam;scale;drift,0.4980,0.4610,25.2,0.5058,0.4589,40.0,0.3108,0.0870,25.9,0.5026,0.4078,37.2,0.5138,0.6530,8.5,0.3357,0.0820,13.2,0.3393,0.0845,14.0,0.3466,0.0860,11.1,0.3394,0.0836,12.3,lorat,0.5138
train_real/seq_0031,train_real,5816,large;fast;absent,0.6438,0.7671,13.5,0.3842,0.3973,26.0,0.3692,0.4110,18.6,0.4344,0.4932,11.5,0.1970,0.2055,8.2,0.3516,0.4932,4.9,0.4018,0.5068,6.8,0.3979,0.5068,6.4,0.3705,0.4932,4.9,baseline,0.6438
train_real/seq_0032,train_real,3143,scale;absent;hard;drift,0.2894,0.3169,28.3,0.3850,0.4593,41.9,-,-,-,-,-,-,-,-,-,-,-,-,-,-,-,-,-,-,-,-,-,sutrack_t224,0.3850
train_real/seq_0033,train_real,8775,large;hard;drift,0.3192,0.1303,10.5,0.3334,0.2550,29.8,0.2484,0.1347,23.7,0.3165,0.2276,14.0,0.2785,0.1297,8.0,0.3425,0.1508,8.0,0.3475,0.1549,6.9,0.3533,0.1651,7.5,0.3481,0.1604,4.3,ft_ep6,0.3533
train_real/seq_0034,train_real,5002,small;scale;absent,0.7263,0.8238,30.7,0.6649,0.8135,41.5,-,-,-,-,-,-,-,-,-,-,-,-,-,-,-,-,-,-,-,-,-,baseline,0.7263
train_real/seq_0035,train_real,3773,small;scale;absent,0.6826,0.8257,29.8,0.6512,0.7898,42.3,-,-,-,-,-,-,-,-,-,-,-,-,-,-,-,-,-,-,-,-,-,baseline,0.6826
train_real/seq_0036,train_real,1943,scale,0.7950,0.9969,30.9,0.7621,0.9691,43.7,-,-,-,-,-,-,-,-,-,-,-,-,-,-,-,-,-,-,-,-,-,baseline,0.7950
train_real/seq_0037,train_real,3163,seam;scale;hard;drift,0.1010,0.0398,10.1,0.1022,0.0398,18.4,-,-,-,-,-,-,-,-,-,-,-,-,-,-,-,-,-,-,-,-,-,sutrack_t224,0.1022
train_real/seq_0038,train_real,4194,small;seam;scale,0.6599,0.8510,26.9,0.4925,0.6043,44.3,-,-,-,-,-,-,-,-,-,-,-,-,-,-,-,-,-,-,-,-,-,baseline,0.6599
train_real/seq_0039,train_real,3676,small;scale;absent,0.6653,0.7984,28.5,0.5629,0.6887,39.1,-,-,-,-,-,-,-,-,-,-,-,-,-,-,-,-,-,-,-,-,-,baseline,0.6653
train_real/seq_0040,train_real,3794,small;scale,0.8253,0.9477,29.1,0.7322,0.8751,43.9,-,-,-,-,-,-,-,-,-,-,-,-,-,-,-,-,-,-,-,-,-,baseline,0.8253
train_real/seq_0041,train_real,3781,large;seam;hard;drift,0.0769,0.0000,7.2,0.0827,0.0087,13.9,-,-,-,-,-,-,-,-,-,-,-,-,-,-,-,-,-,-,-,-,-,sutrack_t224,0.0827
train_real/seq_0042,train_real,4772,large;seam;hard;drift,0.2479,0.0398,12.4,0.1853,0.0027,14.8,0.2085,0.0115,13.7,0.2309,0.0381,10.4,0.2309,0.1017,9.1,0.2286,0.0172,3.5,0.2148,0.0054,3.5,0.2338,0.0254,3.5,0.2266,0.0103,3.5,baseline,0.2479
train_real/seq_0043,train_real,2751,seam;scale;hard;drift,0.2012,0.1040,15.5,0.1460,0.0371,27.4,0.3418,0.3091,24.5,0.1826,0.0745,12.5,0.1193,0.0069,9.0,0.1570,0.0764,8.9,0.1688,0.0800,10.0,0.1673,0.0767,9.9,0.1709,0.0876,9.1,sutrack_b224,0.3418
train_real/seq_0044,train_real,3907,scale,0.7997,0.9711,30.5,0.8579,0.9964,44.2,-,-,-,-,-,-,-,-,-,-,-,-,-,-,-,-,-,-,-,-,-,sutrack_t224,0.8579
train_real/seq_0045,train_real,3328,scale,0.8691,0.9994,30.4,0.8697,0.9994,42.9,-,-,-,-,-,-,-,-,-,-,-,-,-,-,-,-,-,-,-,-,-,sutrack_t224,0.8697
train_real/seq_0046,train_real,2089,small;scale,0.8760,1.0000,31.3,0.8606,0.9966,44.0,-,-,-,-,-,-,-,-,-,-,-,-,-,-,-,-,-,-,-,-,-,baseline,0.8760
train_real/seq_0047,train_real,3250,scale,0.7319,0.9754,30.2,0.8333,0.9782,42.5,0.8766,0.9896,28.6,0.8486,0.9849,52.0,0.8628,0.9909,9.2,0.8145,0.9886,17.1,0.8043,0.9877,15.2,0.8105,0.9820,15.6,0.8169,0.9886,15.9,sutrack_b224,0.8766
train_sim/seq_0001,train_sim,1236,fast;scale,0.6989,0.9773,28.6,0.6890,0.9673,42.6,-,-,-,-,-,-,-,-,-,-,-,-,-,-,-,-,-,-,-,-,-,baseline,0.6989
train_sim/seq_0002,train_sim,1254,scale;absent,0.6544,0.7582,30.4,0.7611,0.9132,43.5,-,-,-,-,-,-,-,-,-,-,-,-,-,-,-,-,-,-,-,-,-,sutrack_t224,0.7611
train_sim/seq_0003,train_sim,1306,scale,0.7852,0.9854,30.9,0.7625,0.9471,41.9,-,-,-,-,-,-,-,-,-,-,-,-,-,-,-,-,-,-,-,-,-,baseline,0.7852
train_sim/seq_0004,train_sim,1300,fast;scale,0.6372,0.8522,26.7,0.6247,0.8052,41.9,-,-,-,-,-,-,-,-,-,-,-,-,-,-,-,-,-,-,-,-,-,baseline,0.6372
train_sim/seq_0005,train_sim,1290,fast;scale,0.7224,0.8512,29.0,0.7036,0.8298,38.4,-,-,-,-,-,-,-,-,-,-,-,-,-,-,-,-,-,-,-,-,-,baseline,0.7224
train_sim/seq_0006,train_sim,1296,fast;scale,0.7574,0.9459,29.4,0.7582,0.9367,44.4,-,-,-,-,-,-,-,-,-,-,-,-,-,-,-,-,-,-,-,-,-,sutrack_t224,0.7582
train_sim/seq_0007,train_sim,1284,fast;scale;absent,0.7099,0.8617,30.3,0.6910,0.8457,37.6,-,-,-,-,-,-,-,-,-,-,-,-,-,-,-,-,-,-,-,-,-,baseline,0.7099
train_sim/seq_0008,train_sim,916,fast;scale,0.6743,0.9016,28.6,0.6643,0.8721,43.5,-,-,-,-,-,-,-,-,-,-,-,-,-,-,-,-,-,-,-,-,-,baseline,0.6743
train_sim/seq_0009,train_sim,996,fast;scale;hard;drift,0.2008,0.2060,30.8,0.1825,0.1779,44.4,-,-,-,-,-,-,-,-,-,-,-,-,-,-,-,-,-,-,-,-,-,baseline,0.2008
train_sim/seq_0010,train_sim,450,seam;hard;drift,0.3868,0.1381,18.2,0.3209,0.1782,39.2,-,-,-,-,-,-,-,-,-,-,-,-,-,-,-,-,-,-,-,-,-,baseline,0.3868
train_sim/seq_0011,train_sim,450,small;polar;seam;hard;drift,0.0855,0.0134,29.1,0.2400,0.2361,41.1,0.2641,0.2984,28.6,0.1664,0.1314,55.5,0.2171,0.2049,8.8,0.1017,0.0245,16.2,0.1274,0.0267,14.4,0.1074,0.0290,15.6,0.0966,0.0245,13.9,sutrack_b224,0.2641
train_sim/seq_0012,train_sim,450,seam;hard;drift,0.1152,0.0401,17.6,0.2420,0.2539,30.8,-,-,-,-,-,-,-,-,-,-,-,-,-,-,-,-,-,-,-,-,-,sutrack_t224,0.2420
train_sim/seq_0013,train_sim,450,small;seam;hard;drift,0.3953,0.4967,29.4,0.4574,0.6036,26.7,-,-,-,-,-,-,-,-,-,-,-,-,-,-,-,-,-,-,-,-,-,sutrack_t224,0.4574
train_sim/seq_0014,train_sim,450,scale,0.6275,0.9042,30.3,0.6439,0.8998,42.7,-,-,-,-,-,-,-,-,-,-,-,-,-,-,-,-,-,-,-,-,-,sutrack_t224,0.6439
train_sim/seq_0015,train_sim,450,seam;scale,0.6824,0.8931,30.5,0.7436,0.9488,43.6,0.7660,0.9510,28.4,0.7363,0.9354,46.2,0.6962,0.8998,8.9,0.7495,0.9555,16.7,0.7747,0.9555,15.3,0.7771,0.9532,13.2,0.7776,0.9510,15.2,ft_ep7,0.7776
train_sim/seq_0016,train_sim,450,,0.9048,1.0000,32.2,0.9158,1.0000,43.9,-,-,-,-,-,-,-,-,-,-,-,-,-,-,-,-,-,-,-,-,-,sutrack_t224,0.9158
train_sim/seq_0017,train_sim,480,small;seam;scale,0.8300,0.9854,32.1,0.8210,0.9875,44.3,-,-,-,-,-,-,-,-,-,-,-,-,-,-,-,-,-,-,-,-,-,baseline,0.8300
train_sim/seq_0018,train_sim,480,small;scale;hard;drift,0.0685,0.0104,24.5,0.0579,0.0125,12.1,-,-,-,-,-,-,-,-,-,-,-,-,-,-,-,-,-,-,-,-,-,baseline,0.0685
train_sim/seq_0019,train_sim,450,small;seam,0.7990,0.9733,31.1,0.7858,0.9577,46.2,-,-,-,-,-,-,-,-,-,-,-,-,-,-,-,-,-,-,-,-,-,baseline,0.7990
train_sim/seq_0020,train_sim,450,small,0.8514,1.0000,32.0,0.8709,1.0000,45.8,-,-,-,-,-,-,-,-,-,-,-,-,-,-,-,-,-,-,-,-,-,sutrack_t224,0.8709
train_sim/seq_0021,train_sim,450,small,0.7639,1.0000,32.7,0.7706,1.0000,43.7,-,-,-,-,-,-,-,-,-,-,-,-,-,-,-,-,-,-,-,-,-,sutrack_t224,0.7706
train_sim/seq_0022,train_sim,450,small;seam,0.6770,0.7817,32.6,0.5687,0.6548,26.5,-,-,-,-,-,-,-,-,-,-,-,-,-,-,-,-,-,-,-,-,-,baseline,0.6770
train_sim/seq_0023,train_sim,450,small;scale,0.9064,1.0000,32.6,0.8788,1.0000,39.9,-,-,-,-,-,-,-,-,-,-,-,-,-,-,-,-,-,-,-,-,-,baseline,0.9064
train_sim/seq_0024,train_sim,450,small;seam,0.5132,0.5724,32.2,0.2827,0.2673,42.9,-,-,-,-,-,-,-,-,-,-,-,-,-,-,-,-,-,-,-,-,-,baseline,0.5132
train_sim/seq_0025,train_sim,450,seam;hard;drift,0.0708,0.0200,9.9,0.1332,0.0869,30.7,-,-,-,-,-,-,-,-,-,-,-,-,-,-,-,-,-,-,-,-,-,sutrack_t224,0.1332
train_sim/seq_0026,train_sim,450,small;seam,0.4851,0.5568,32.5,0.4661,0.5546,24.3,-,-,-,-,-,-,-,-,-,-,-,-,-,-,-,-,-,-,-,-,-,baseline,0.4851
train_sim/seq_0027,train_sim,450,small;seam,0.5227,0.6058,32.9,0.5012,0.5412,38.9,-,-,-,-,-,-,-,-,-,-,-,-,-,-,-,-,-,-,-,-,-,baseline,0.5227
train_sim/seq_0028,train_sim,450,seam;drift,0.4010,0.3653,29.2,0.4560,0.5813,40.3,-,-,-,-,-,-,-,-,-,-,-,-,-,-,-,-,-,-,-,-,-,sutrack_t224,0.4560
train_sim/seq_0029,train_sim,450,seam,0.5382,0.6036,32.4,0.5476,0.6036,24.2,-,-,-,-,-,-,-,-,-,-,-,-,-,-,-,-,-,-,-,-,-,sutrack_t224,0.5476
train_sim/seq_0030,train_sim,450,scale,0.8417,1.0000,30.9,0.8419,1.0000,42.1,-,-,-,-,-,-,-,-,-,-,-,-,-,-,-,-,-,-,-,-,-,sutrack_t224,0.8419
train_sim/seq_0031,train_sim,450,seam,0.7097,0.8129,30.3,0.8539,0.9399,39.5,-,-,-,-,-,-,-,-,-,-,-,-,-,-,-,-,-,-,-,-,-,sutrack_t224,0.8539
train_sim/seq_0032,train_sim,450,small;seam,0.7935,0.9510,32.8,0.7798,0.9510,40.7,-,-,-,-,-,-,-,-,-,-,-,-,-,-,-,-,-,-,-,-,-,baseline,0.7935
train_sim/seq_0033,train_sim,450,seam,0.4978,0.6392,32.0,0.5918,0.6414,25.8,-,-,-,-,-,-,-,-,-,-,-,-,-,-,-,-,-,-,-,-,-,sutrack_t224,0.5918
train_sim/seq_0034,train_sim,1292,small;polar,0.7417,0.9620,31.7,0.4383,0.5329,34.1,-,-,-,-,-,-,-,-,-,-,-,-,-,-,-,-,-,-,-,-,-,baseline,0.7417
train_sim/seq_0035,train_sim,1264,scale,0.8390,0.9814,31.4,0.6597,0.8133,43.0,-,-,-,-,-,-,-,-,-,-,-,-,-,-,-,-,-,-,-,-,-,baseline,0.8390
train_sim/seq_0036,train_sim,1350,fast;scale,0.7419,0.8558,31.2,0.7092,0.8297,44.8,-,-,-,-,-,-,-,-,-,-,-,-,-,-,-,-,-,-,-,-,-,baseline,0.7419
train_sim/seq_0037,train_sim,1306,fast;scale,0.7365,0.8832,30.6,0.5538,0.6613,40.7,0.8016,0.9590,26.0,0.7088,0.8770,40.1,0.7672,0.9258,8.0,0.7779,0.9258,16.6,0.7802,0.9273,17.8,0.7939,0.9520,15.4,0.7418,0.8832,17.7,sutrack_b224,0.8016
train_sim/seq_0038,train_sim,1262,fast;scale,0.7266,0.9096,29.2,0.5018,0.5805,43.4,-,-,-,-,-,-,-,-,-,-,-,-,-,-,-,-,-,-,-,-,-,baseline,0.7266
train_sim/seq_0039,train_sim,1016,,0.8684,0.9951,31.1,0.8189,0.9458,39.7,-,-,-,-,-,-,-,-,-,-,-,-,-,-,-,-,-,-,-,-,-,baseline,0.8684
train_sim/seq_0040,train_sim,1068,,0.8168,0.9182,31.6,0.7049,0.7959,40.7,-,-,-,-,-,-,-,-,-,-,-,-,-,-,-,-,-,-,-,-,-,baseline,0.8168
train_sim/seq_0041,train_sim,1022,fast,0.8692,0.9921,31.4,0.8440,0.9733,43.6,-,-,-,-,-,-,-,-,-,-,-,-,-,-,-,-,-,-,-,-,-,baseline,0.8692
train_sim/seq_0042,train_sim,1872,,0.8551,0.9733,31.5,0.8150,0.9471,42.7,0.8551,0.9786,25.2,0.8091,0.9514,37.1,0.8466,0.9717,8.1,0.8538,0.9738,23.1,0.8554,0.9717,15.5,0.7554,0.8568,18.4,0.8474,0.9653,24.3,ft_v4_ep4,0.8554
train_sim/seq_0043,train_sim,1288,fast;scale,0.5464,0.6939,30.8,0.6745,0.8687,41.6,-,-,-,-,-,-,-,-,-,-,-,-,-,-,-,-,-,-,-,-,-,sutrack_t224,0.6745
train_sim/seq_0044,train_sim,1290,small;polar;scale;hard;drift,0.2788,0.3142,31.2,0.2635,0.3041,39.8,0.1974,0.2040,27.1,0.1278,0.1140,48.1,0.0835,0.0504,9.3,0.3164,0.3460,15.1,0.1565,0.1288,16.1,0.1372,0.1032,16.3,0.1861,0.1629,16.6,ft_v4_ep1,0.3164
train_sim/seq_0045,train_sim,1296,fast;scale;drift,0.4529,0.4763,30.7,0.4610,0.4888,34.9,0.4831,0.4942,24.8,0.3885,0.4065,28.7,0.3766,0.3801,8.8,0.4639,0.4825,17.5,0.4657,0.4841,16.3,0.4489,0.4655,17.7,0.4610,0.4802,16.7,sutrack_b224,0.4831
train_sim/seq_0046,train_sim,1312,polar;hard;drift,0.0723,0.0275,31.2,0.0771,0.0343,33.7,0.5133,0.6415,27.8,0.0884,0.0465,34.1,0.3234,0.3814,8.4,0.0580,0.0046,15.2,0.0620,0.0122,16.5,0.0574,0.0046,15.0,0.0640,0.0145,16.1,sutrack_b224,0.5133
train_sim/seq_0047,train_sim,1386,fast;scale,0.7329,0.8644,30.5,0.4877,0.5707,37.7,0.8025,0.9659,28.8,0.3051,0.3379,54.3,0.5935,0.7049,8.9,0.7685,0.9072,16.5,0.7884,0.9398,15.1,0.7889,0.9398,15.4,0.7472,0.8767,15.0,sutrack_b224,0.8025
train_sim/seq_0048,train_sim,1254,fast;scale,0.7889,0.9031,30.5,0.7631,0.8847,44.4,-,-,-,-,-,-,-,-,-,-,-,-,-,-,-,-,-,-,-,-,-,baseline,0.7889
train_sim/seq_0049,train_sim,1310,fast;scale,0.7353,0.8981,29.8,0.5917,0.7120,36.0,-,-,-,-,-,-,-,-,-,-,-,-,-,-,-,-,-,-,-,-,-,baseline,0.7353
train_sim/seq_0050,train_sim,1310,scale;absent,0.5457,0.6316,30.3,0.5337,0.6271,40.8,-,-,-,-,-,-,-,-,-,-,-,-,-,-,-,-,-,-,-,-,-,baseline,0.5457
train_sim/seq_0051,train_sim,1218,polar,0.6466,0.8447,31.1,0.3420,0.4100,42.4,-,-,-,-,-,-,-,-,-,-,-,-,-,-,-,-,-,-,-,-,-,baseline,0.6466
train_sim/seq_0052,train_sim,1891,small;polar;hard;drift,0.3865,0.3989,30.0,0.3451,0.3069,40.6,0.3573,0.3111,27.7,0.2833,0.1296,38.6,0.0502,0.0000,9.3,0.4233,0.4037,16.7,0.4202,0.3989,14.0,0.4173,0.3820,13.4,0.4175,0.3862,16.2,ft_v4_ep1,0.4233
train_sim/seq_0053,train_sim,1260,scale;hard;drift,0.3816,0.4802,30.6,0.0982,0.0703,44.8,-,-,-,-,-,-,-,-,-,-,-,-,-,-,-,-,-,-,-,-,-,baseline,0.3816
train_sim/seq_0054,train_sim,1264,fast;scale,0.8258,0.9749,29.6,0.7830,0.9296,42.0,-,-,-,-,-,-,-,-,-,-,-,-,-,-,-,-,-,-,-,-,-,baseline,0.8258
train_sim/seq_0055,train_sim,1192,seam;fast,0.6109,0.9026,29.9,0.5187,0.7397,36.5,0.6222,0.9202,26.3,0.5279,0.7632,43.3,0.6171,0.9060,7.8,0.6759,0.9421,16.3,0.6751,0.9353,16.3,0.6396,0.8892,17.1,0.6739,0.9421,16.6,ft_v4_ep1,0.6759
train_sim/seq_0056,train_sim,1262,small;polar;scale,0.5374,0.7216,31.2,0.4118,0.5091,35.4,-,-,-,-,-,-,-,-,-,-,-,-,-,-,-,-,-,-,-,-,-,baseline,0.5374
train_sim/seq_0057,train_sim,1274,fast;scale,0.8362,0.9690,31.2,0.8216,0.9627,41.1,-,-,-,-,-,-,-,-,-,-,-,-,-,-,-,-,-,-,-,-,-,baseline,0.8362
train_sim/seq_0058,train_sim,1352,fast;scale,0.7821,0.9068,30.7,0.7288,0.8404,41.6,0.7502,0.8538,25.2,0.8106,0.9553,37.1,0.7542,0.8799,8.9,0.8359,0.9493,22.8,0.8466,0.9650,15.4,0.8456,0.9635,17.9,-,-,-,ft_v4_ep4,0.8466
train_sim/seq_0059,train_sim,1262,polar;fast;scale;hard;drift,0.3313,0.4023,31.2,0.2006,0.2156,24.8,0.4835,0.6138,26.0,0.2206,0.2566,43.2,0.4495,0.5704,8.6,0.3264,0.3781,17.0,0.4780,0.5672,17.8,0.2056,0.2043,16.5,0.5073,0.6146,16.6,ft_ep7,0.5073
train_sim/seq_0060,train_sim,1270,small;polar;scale,0.5500,0.6934,31.3,0.0714,0.0422,21.9,-,-,-,-,-,-,-,-,-,-,-,-,-,-,-,-,-,-,-,-,-,baseline,0.5500
train_sim/seq_0061,train_sim,1246,fast;scale;absent,0.6763,0.7576,30.8,0.6303,0.7150,39.6,-,-,-,-,-,-,-,-,-,-,-,-,-,-,-,-,-,-,-,-,-,baseline,0.6763
train_sim/seq_0062,train_sim,1278,scale,0.8653,0.9851,30.7,0.8498,0.9859,42.2,-,-,-,-,-,-,-,-,-,-,-,-,-,-,-,-,-,-,-,-,-,baseline,0.8653
train_sim/seq_0063,train_sim,1254,fast,0.7075,0.9800,29.0,0.7206,0.9729,42.0,-,-,-,-,-,-,-,-,-,-,-,-,-,-,-,-,-,-,-,-,-,sutrack_t224,0.7206
train_sim/seq_0064,train_sim,450,hard;drift,0.3058,0.2183,27.3,0.2755,0.1292,40.3,-,-,-,-,-,-,-,-,-,-,-,-,-,-,-,-,-,-,-,-,-,baseline,0.3058
train_sim/seq_0065,train_sim,450,seam,0.5995,0.7639,29.2,0.4811,0.6102,40.0,-,-,-,-,-,-,-,-,-,-,-,-,-,-,-,-,-,-,-,-,-,baseline,0.5995
train_sim/seq_0066,train_sim,900,hard;drift,0.1982,0.0712,22.7,0.1367,0.0345,38.8,-,-,-,-,-,-,-,-,-,-,-,-,-,-,-,-,-,-,-,-,-,baseline,0.1982
train_sim/seq_0067,train_sim,900,seam,0.5956,0.7586,30.6,0.6015,0.7820,39.9,-,-,-,-,-,-,-,-,-,-,-,-,-,-,-,-,-,-,-,-,-,sutrack_t224,0.6015
train_sim/seq_0068,train_sim,900,seam;hard;drift,0.3057,0.3660,31.3,0.5734,0.7553,35.1,-,-,-,-,-,-,-,-,-,-,-,-,-,-,-,-,-,-,-,-,-,sutrack_t224,0.5734
train_sim/seq_0069,train_sim,900,,0.7659,0.9989,30.6,0.6922,0.9388,42.6,-,-,-,-,-,-,-,-,-,-,-,-,-,-,-,-,-,-,-,-,-,baseline,0.7659
train_sim/seq_0070,train_sim,900,,0.7871,0.9933,30.4,0.6809,0.8065,41.8,-,-,-,-,-,-,-,-,-,-,-,-,-,-,-,-,-,-,-,-,-,baseline,0.7871
train_sim/seq_0071,train_sim,900,,0.6907,0.8799,29.1,0.2537,0.1379,35.0,-,-,-,-,-,-,-,-,-,-,-,-,-,-,-,-,-,-,-,-,-,baseline,0.6907
train_sim/seq_0072,train_sim,450,seam,0.7654,0.9354,30.2,0.7737,0.9555,42.1,-,-,-,-,-,-,-,-,-,-,-,-,-,-,-,-,-,-,-,-,-,sutrack_t224,0.7737
train_sim/seq_0073,train_sim,450,seam,0.5712,0.7060,30.8,0.7353,0.8731,42.0,-,-,-,-,-,-,-,-,-,-,-,-,-,-,-,-,-,-,-,-,-,sutrack_t224,0.7353
train_sim/seq_0074,train_sim,450,scale,0.6501,0.7929,30.0,0.6761,0.7973,38.3,-,-,-,-,-,-,-,-,-,-,-,-,-,-,-,-,-,-,-,-,-,sutrack_t224,0.6761
train_sim/seq_0075,train_sim,450,hard;drift,0.0899,0.0178,12.7,0.1046,0.0178,32.2,-,-,-,-,-,-,-,-,-,-,-,-,-,-,-,-,-,-,-,-,-,sutrack_t224,0.1046
train_sim/seq_0076,train_sim,450,,0.8064,0.9800,29.8,0.7500,0.9243,42.9,-,-,-,-,-,-,-,-,-,-,-,-,-,-,-,-,-,-,-,-,-,baseline,0.8064
train_sim/seq_0077,train_sim,450,,0.8357,1.0000,31.8,0.8477,1.0000,44.1,-,-,-,-,-,-,-,-,-,-,-,-,-,-,-,-,-,-,-,-,-,sutrack_t224,0.8477
train_sim/seq_0078,train_sim,450,seam,0.6054,0.8330,29.2,0.6082,0.8085,42.7,-,-,-,-,-,-,-,-,-,-,-,-,-,-,-,-,-,-,-,-,-,sutrack_t224,0.6082
train_sim/seq_0079,train_sim,450,seam;drift,0.4248,0.3252,28.5,0.5215,0.8151,42.5,-,-,-,-,-,-,-,-,-,-,-,-,-,-,-,-,-,-,-,-,-,sutrack_t224,0.5215
train_sim/seq_0080,train_sim,450,polar;seam,0.4945,0.6325,31.5,0.6443,0.8040,41.7,-,-,-,-,-,-,-,-,-,-,-,-,-,-,-,-,-,-,-,-,-,sutrack_t224,0.6443
train_sim/seq_0081,train_sim,450,polar;seam;scale,0.5032,0.6503,24.8,0.5348,0.6615,37.0,-,-,-,-,-,-,-,-,-,-,-,-,-,-,-,-,-,-,-,-,-,sutrack_t224,0.5348
train_sim/seq_0082,train_sim,900,seam,0.4383,0.5562,28.6,0.2760,0.2970,40.5,0.3207,0.3726,29.7,0.3576,0.4316,45.3,0.4839,0.6107,8.7,0.4385,0.5417,16.0,0.4111,0.4961,13.3,0.4098,0.5028,14.5,0.4214,0.5083,14.1,lorat,0.4839
train_sim/seq_0083,train_sim,900,seam;hard;drift,0.2591,0.2525,31.8,0.5335,0.6385,39.0,-,-,-,-,-,-,-,-,-,-,-,-,-,-,-,-,-,-,-,-,-,sutrack_t224,0.5335
