tracker,sequence,n_frames,sr,sr_dual,auc,auc_dual,fps,first_frame_linf,result_path
SparseK5,0001,251,0.984,0.988,0.8828571428571428,0.8862857142857142,nan,1.4285706129157916e-07,D:\instan\pano360\runs\sparse_teacher_k5\0001\results.txt
SparseK5,0002,854,0.15826494724501758,0.15826494724501758,0.20861943839669517,0.20861943839669517,nan,4.395603809825843e-07,D:\instan\pano360\runs\sparse_teacher_k5\0002\results.txt
SparseK5,0003,740,0.7415426251691475,0.7956698240866035,0.6400541271989175,0.6946323861073523,nan,3.3333321880490985e-07,D:\instan\pano360\runs\sparse_teacher_k5\0003\results.txt
SparseK5,0004,690,0.059506531204644414,0.06095791001451379,0.09848641924113624,0.09945400511438247,nan,2.0720699467347004e-07,D:\instan\pano360\runs\sparse_teacher_k5\0004\results.txt
SparseK5,0005,483,0.9377593360995851,0.9377593360995851,0.8283935981031417,0.8283935981031417,nan,2.0202014638925903e-07,D:\instan\pano360\runs\sparse_teacher_k5\0005\results.txt
SparseK5,0006,931,0.32365591397849464,0.32365591397849464,0.3062467997951869,0.3062467997951869,nan,0.0,D:\instan\pano360\runs\sparse_teacher_k5\0006\results.txt
SparseK5,0007,661,0.39090909090909093,0.39090909090909093,0.3428571428571428,0.3428571428571428,nan,0.0,D:\instan\pano360\runs\sparse_teacher_k5\0007\results.txt
SparseK5,0008,1457,0.5659340659340659,0.5659340659340659,0.4937532705389849,0.4938840920983778,nan,4.263324626663234e-07,D:\instan\pano360\runs\sparse_teacher_k5\0008\results.txt
SparseK5,0009,825,0.18932038834951456,0.18932038834951456,0.18284789644012947,0.18284789644012947,nan,3.2203388400375843e-07,D:\instan\pano360\runs\sparse_teacher_k5\0009\results.txt
SparseK5,0010,687,0.4489795918367347,0.4489795918367347,0.39372483687352494,0.39372483687352494,nan,3.333334461785853e-07,D:\instan\pano360\runs\sparse_teacher_k5\0010\results.txt
SparseK5,0011,1081,0.7851851851851852,0.7907407407407407,0.6044973544973546,0.6084215167548501,nan,4.347825210970768e-07,D:\instan\pano360\runs\sparse_teacher_k5\0011\results.txt
SparseK5,0012,1276,0.2596078431372549,0.2603921568627451,0.2505695611577965,0.2516526610644258,nan,3.809523150266614e-07,D:\instan\pano360\runs\sparse_teacher_k5\0012\results.txt
SparseK5,0013,651,0.8784615384615385,0.8784615384615385,0.6706959706959709,0.6706959706959709,nan,1.111111487261951e-07,D:\instan\pano360\runs\sparse_teacher_k5\0013\results.txt
SparseK5,0014,499,0.44377510040160645,0.44377510040160645,0.4039013195639702,0.4039013195639702,nan,3.3333321880490985e-07,D:\instan\pano360\runs\sparse_teacher_k5\0014\results.txt
SparseK5,0015,580,0.3126079447322971,0.3143350604490501,0.2886750555144338,0.2896619787811498,nan,0.0,D:\instan\pano360\runs\sparse_teacher_k5\0015\results.txt
SparseK5,0016,2400,0.7261358899541476,0.7261358899541476,0.5570972031997461,0.557533893090375,nan,3.7931022234261036e-07,D:\instan\pano360\runs\sparse_teacher_k5\0016\results.txt
SparseK5,0017,740,0.7686062246278755,0.7699594046008119,0.6082221792641277,0.6094464849539274,nan,3.225807176931994e-08,D:\instan\pano360\runs\sparse_teacher_k5\0017\results.txt
SparseK5,0018,992,0.9545913218970736,0.970736629667003,0.8538753543798954,0.870741434818125,nan,0.0,D:\instan\pano360\runs\sparse_teacher_k5\0018\results.txt
SparseK5,0019,600,0.31552587646076796,0.31719532554257096,0.3108355195166547,0.31266396374910566,nan,3.939394446206279e-07,D:\instan\pano360\runs\sparse_teacher_k5\0019\results.txt
SparseK5,0020,2398,0.130997079682937,0.130997079682937,0.14450602936209944,0.14450602936209944,nan,0.0,D:\instan\pano360\runs\sparse_teacher_k5\0020\results.txt
SparseK5,0021,600,0.994991652754591,0.994991652754591,0.8714524207011687,0.8714524207011687,nan,7.407402335957158e-08,D:\instan\pano360\runs\sparse_teacher_k5\0021\results.txt
SparseK5,0022,1586,0.4365930599369085,0.4365930599369085,0.43229683040408584,0.43229683040408584,nan,2.631577444844879e-07,D:\instan\pano360\runs\sparse_teacher_k5\0022\results.txt
SparseK5,0023,901,0.88,0.8811111111111111,0.7465079365079366,0.7474603174603175,nan,3.913042588843396e-07,D:\instan\pano360\runs\sparse_teacher_k5\0023\results.txt
SparseK5,0024,1350,0.6649369903632321,0.6649369903632321,0.614811677080024,0.614811677080024,nan,2.857141225831583e-07,D:\instan\pano360\runs\sparse_teacher_k5\0024\results.txt
SparseK5,0025,429,0.6845794392523364,0.6845794392523364,0.6327325322652426,0.6336226079216734,nan,5.684341886080802e-14,D:\instan\pano360\runs\sparse_teacher_k5\0025\results.txt
SparseK5,0026,1076,0.4641860465116279,0.4641860465116279,0.45847176079734225,0.45847176079734225,nan,1.1267593436059542e-07,D:\instan\pano360\runs\sparse_teacher_k5\0026\results.txt
SparseK5,0027,328,0.8562691131498471,0.8562691131498471,0.799184505606524,0.8018057375855541,nan,3.333334461785853e-07,D:\instan\pano360\runs\sparse_teacher_k5\0027\results.txt
SparseK5,0028,1451,0.15931034482758621,0.15931034482758621,0.1857799671592775,0.1857799671592775,nan,3.33333360913457e-07,D:\instan\pano360\runs\sparse_teacher_k5\0028\results.txt
SparseK5,0029,1121,0.14821428571428572,0.14910714285714285,0.18460884353741497,0.190093537414966,nan,1.0389612725703046e-07,D:\instan\pano360\runs\sparse_teacher_k5\0029\results.txt
SparseK5,0030,1568,0.3299298021697511,0.3312061263560944,0.30540614458929716,0.3071382988421917,nan,1.3253009001346072e-07,D:\instan\pano360\runs\sparse_teacher_k5\0030\results.txt
SparseK5,0031,640,0.8982785602503912,0.9029733959311425,0.7764363961547059,0.7797898502123853,nan,4.563106017485552e-07,D:\instan\pano360\runs\sparse_teacher_k5\0031\results.txt
SparseK5,0032,1511,0.9913907284768212,0.9940397350993377,0.8632608010091454,0.8649321980447808,nan,4.587154762702994e-07,D:\instan\pano360\runs\sparse_teacher_k5\0032\results.txt
SparseK5,0033,1021,0.5362745098039216,0.5362745098039216,0.47553688141923434,0.4757236227824463,nan,3.3333321880490985e-07,D:\instan\pano360\runs\sparse_teacher_k5\0033\results.txt
SparseK5,0034,703,1.0,1.0,0.9198209198209197,0.9198209198209197,nan,0.0,D:\instan\pano360\runs\sparse_teacher_k5\0034\results.txt
SparseK5,0035,600,0.8647746243739566,0.8797996661101837,0.7638922012878607,0.7790762381747356,nan,3.1958734325598925e-07,D:\instan\pano360\runs\sparse_teacher_k5\0035\results.txt
SparseK5,0036,1080,0.34754402224281744,0.34754402224281744,0.35222207511364134,0.3546493666975595,nan,4.77611877158779e-07,D:\instan\pano360\runs\sparse_teacher_k5\0036\results.txt
SparseK5,0037,1110,0.38322813345356177,0.38503155996393146,0.39404869251578,0.39550860921465064,nan,0.0,D:\instan\pano360\runs\sparse_teacher_k5\0037\results.txt
SparseK5,0038,589,0.24319727891156462,0.24319727891156462,0.25105280207321024,0.25105280207321024,nan,3.45678927260451e-07,D:\instan\pano360\runs\sparse_teacher_k5\0038\results.txt
SparseK5,0039,310,0.43042071197411,0.43042071197411,0.3732470334412082,0.3732470334412082,nan,2.352940100536216e-07,D:\instan\pano360\runs\sparse_teacher_k5\0039\results.txt
SparseK5,0040,728,0.4470426409903714,0.4497936726272352,0.4027641317875156,0.4062356717102247,nan,1.1236124919378199e-08,D:\instan\pano360\runs\sparse_teacher_k5\0040\results.txt
SparseK5,0041,2400,0.026677782409337224,0.026677782409337224,0.06820302110006154,0.06820302110006154,nan,2.6415091269882396e-07,D:\instan\pano360\runs\sparse_teacher_k5\0041\results.txt
SparseK5,0042,876,0.4948571428571429,0.4948571428571429,0.5006258503401361,0.5006258503401361,nan,1.1764677765313536e-07,D:\instan\pano360\runs\sparse_teacher_k5\0042\results.txt
SparseK5,0043,1240,0.9814366424535916,0.9814366424535916,0.8490333986702026,0.8490333986702026,nan,2.3529423742729705e-07,D:\instan\pano360\runs\sparse_teacher_k5\0043\results.txt
SparseK5,0044,1271,0.22283464566929134,0.22283464566929134,0.24405699287589053,0.24878140232470944,nan,1.7948696040548384e-07,D:\instan\pano360\runs\sparse_teacher_k5\0044\results.txt
SparseK5,0045,1147,0.11082024432809773,0.11605584642233857,0.1422754092911161,0.1463475442533034,nan,2.4137943910318427e-07,D:\instan\pano360\runs\sparse_teacher_k5\0045\results.txt
SparseK5,0046,1687,0.6209964412811388,0.6215895610913404,0.5700728690052533,0.5705812574139975,nan,1.3915871477365727e-07,D:\instan\pano360\runs\sparse_teacher_k5\0046\results.txt
SparseK5,0047,2334,0.016716673810544362,0.016716673810544362,0.06903026963035536,0.06905068070948912,nan,0.0,D:\instan\pano360\runs\sparse_teacher_k5\0047\results.txt
SparseK5,0048,1010,0.7819623389494549,0.7849355797819624,0.6569446410873567,0.6612393222898674,nan,1.1111109188277624e-07,D:\instan\pano360\runs\sparse_teacher_k5\0048\results.txt
SparseK5,0049,854,0.4525205158264947,0.4525205158264947,0.4147267347736281,0.4147267347736281,nan,2.9411773994070245e-07,D:\instan\pano360\runs\sparse_teacher_k5\0049\results.txt
SparseK5,0050,480,0.4112734864300626,0.4488517745302714,0.45600954369221586,0.48682771647281037,nan,4.285714112484129e-07,D:\instan\pano360\runs\sparse_teacher_k5\0050\results.txt
SparseK5,0051,1540,0.5562053281351527,0.5562053281351527,0.5025217364398651,0.5026145610940932,nan,3.1168838177109137e-07,D:\instan\pano360\runs\sparse_teacher_k5\0051\results.txt
SparseK5,0052,930,1.0,1.0,0.8406376544159107,0.8406376544159107,nan,4.0206180074164877e-07,D:\instan\pano360\runs\sparse_teacher_k5\0052\results.txt
SparseK5,0053,760,0.48616600790513836,0.48616600790513836,0.4470794905577514,0.4470794905577514,nan,4.871794772043359e-07,D:\instan\pano360\runs\sparse_teacher_k5\0053\results.txt
SparseK5,0054,2400,0.4372655273030429,0.4372655273030429,0.4138430695329403,0.41386291907342343,nan,4.2553210732876323e-07,D:\instan\pano360\runs\sparse_teacher_k5\0054\results.txt
SparseK5,0055,721,0.8944444444444445,0.9027777777777778,0.7625,0.7693783068783071,nan,2.1052665033494122e-07,D:\instan\pano360\runs\sparse_teacher_k5\0055\results.txt
SparseK5,0056,850,0.2332155477031802,0.2332155477031802,0.2919961859891189,0.2919961859891189,nan,1.8518517208576668e-07,D:\instan\pano360\runs\sparse_teacher_k5\0056\results.txt
SparseK5,0057,501,0.988,1.0,0.8723809523809524,0.8819047619047621,nan,6.550226316903718e-08,D:\instan\pano360\runs\sparse_teacher_k5\0057\results.txt
SparseK5,0058,1185,0.5591216216216216,0.5616554054054054,0.5033783783783783,0.5050675675675675,nan,2.4137943910318427e-07,D:\instan\pano360\runs\sparse_teacher_k5\0058\results.txt
SparseK5,0059,810,0.695920889987639,0.7021013597033374,0.6430042968979928,0.6475955029725116,nan,1.935482032422442e-07,D:\instan\pano360\runs\sparse_teacher_k5\0059\results.txt
SparseK5,0060,2400,0.9491454772822009,0.952897040433514,0.8425534448877507,0.8459080172294012,nan,7.692301551287528e-08,D:\instan\pano360\runs\sparse_teacher_k5\0060\results.txt
SparseK5,0061,1194,1.0,1.0,0.928751047778709,0.928751047778709,nan,3.6507935874396935e-07,D:\instan\pano360\runs\sparse_teacher_k5\0061\results.txt
SparseK5,0062,432,0.6473317865429234,0.6473317865429234,0.5537509667440061,0.5537509667440061,nan,3.68421297025634e-07,D:\instan\pano360\runs\sparse_teacher_k5\0062\results.txt
SparseK5,0063,331,0.6636363636363637,0.6636363636363637,0.5696969696969697,0.5696969696969697,nan,1.4285706129157916e-07,D:\instan\pano360\runs\sparse_teacher_k5\0063\results.txt
SparseK5,0064,706,0.3872340425531915,0.39148936170212767,0.3475852752448497,0.3506247889226613,nan,9.523807875666535e-08,D:\instan\pano360\runs\sparse_teacher_k5\0064\results.txt
SparseK5,0065,1239,0.420032310177706,0.420032310177706,0.40191553196399726,0.4019539964612663,nan,3.333334461785853e-07,D:\instan\pano360\runs\sparse_teacher_k5\0065\results.txt
SparseK5,0066,2400,0.9741558982909546,0.9741558982909546,0.7947160523233888,0.7947160523233888,nan,6.976779332035221e-08,D:\instan\pano360\runs\sparse_teacher_k5\0066\results.txt
SparseK5,0067,1045,0.4157088122605364,0.41762452107279696,0.4199963510308338,0.42501368363437325,nan,2.765957560768584e-07,D:\instan\pano360\runs\sparse_teacher_k5\0067\results.txt
SparseK5,0068,2117,0.33601134215500944,0.33648393194706994,0.33583130794851024,0.3363939148438203,nan,2.4137932541634655e-07,D:\instan\pano360\runs\sparse_teacher_k5\0068\results.txt
SparseK5,0069,483,0.8983402489626556,0.9087136929460581,0.8197984588026082,0.8278008298755187,nan,3.9130418372224085e-07,D:\instan\pano360\runs\sparse_teacher_k5\0069\results.txt
SparseK5,0070,371,0.6432432432432432,0.6432432432432432,0.5,0.5,nan,2.580643467808841e-07,D:\instan\pano360\runs\sparse_teacher_k5\0070\results.txt
SparseK5,0071,891,1.0,1.0,0.82964151952916,0.82964151952916,nan,1.2195118870295119e-07,D:\instan\pano360\runs\sparse_teacher_k5\0071\results.txt
SparseK5,0072,451,0.07777777777777778,0.07777777777777778,0.10920634920634921,0.10920634920634921,nan,4.074074695381569e-07,D:\instan\pano360\runs\sparse_teacher_k5\0072\results.txt
SparseK5,0073,1089,1.0,1.0,0.8971901260504201,0.8971901260504201,nan,3.2806326544232434e-07,D:\instan\pano360\runs\sparse_teacher_k5\0073\results.txt
SparseK5,0074,701,0.8685714285714285,0.8685714285714285,0.7663265306122449,0.7663265306122449,nan,2.5396821001777425e-07,D:\instan\pano360\runs\sparse_teacher_k5\0074\results.txt
SparseK5,0075,567,0.11484098939929328,0.11484098939929328,0.14235234729934376,0.14235234729934376,nan,3.3333321880490985e-07,D:\instan\pano360\runs\sparse_teacher_k5\0075\results.txt
SparseK5,0076,826,0.1684848484848485,0.1684848484848485,0.18106782106782107,0.18141414141414142,nan,3.655914042610675e-07,D:\instan\pano360\runs\sparse_teacher_k5\0076\results.txt
SparseK5,0077,397,0.4696969696969697,0.4722222222222222,0.39682539682539675,0.4033189033189033,nan,1.04294485936407e-07,D:\instan\pano360\runs\sparse_teacher_k5\0077\results.txt
SparseK5,0078,367,0.7950819672131147,0.8005464480874317,0.6359614884205047,0.6431173562321103,nan,3.174591256538406e-08,D:\instan\pano360\runs\sparse_teacher_k5\0078\results.txt
SparseK5,0079,628,0.543859649122807,0.543859649122807,0.4745955798587378,0.4747474747474748,nan,1.5686282495153137e-07,D:\instan\pano360\runs\sparse_teacher_k5\0079\results.txt
SparseK5,0080,1631,0.5815950920245399,0.5846625766871165,0.4813905930470347,0.4844288635699678,nan,3.076924031120143e-07,D:\instan\pano360\runs\sparse_teacher_k5\0080\results.txt
SparseK5,0081,790,0.15462610899873258,0.15462610899873258,0.17490494296577946,0.17490494296577946,nan,3.846153333597613e-07,D:\instan\pano360\runs\sparse_teacher_k5\0081\results.txt
SparseK5,0082,1241,0.9701612903225807,0.9701612903225807,0.8354454685099848,0.8354454685099848,nan,3.0434785003308207e-07,D:\instan\pano360\runs\sparse_teacher_k5\0082\results.txt
SparseK5,0083,590,0.8811544991511036,0.8811544991511036,0.7002991349341094,0.7002991349341094,nan,4.5454544306267053e-07,D:\instan\pano360\runs\sparse_teacher_k5\0083\results.txt
SparseK5,0084,1560,0.42976266837716487,0.4304041051956382,0.3886801673844651,0.3906350224502888,nan,4.334471555011987e-07,D:\instan\pano360\runs\sparse_teacher_k5\0084\results.txt
SparseK5,0085,2400,0.4110045852438516,0.4164235097957482,0.3447269695706544,0.34833958593858555,nan,0.0,D:\instan\pano360\runs\sparse_teacher_k5\0085\results.txt
SparseK5,0086,1051,0.7085714285714285,0.7085714285714285,0.578140589569161,0.578140589569161,nan,2.742617652984336e-07,D:\instan\pano360\runs\sparse_teacher_k5\0086\results.txt
SparseK5,0087,700,0.5264663805436338,0.5264663805436338,0.4406294706723891,0.4406294706723891,nan,0.0,D:\instan\pano360\runs\sparse_teacher_k5\0087\results.txt
SparseK5,0088,806,0.40993788819875776,0.40993788819875776,0.3547471162377994,0.3547471162377994,nan,4.117650860280264e-07,D:\instan\pano360\runs\sparse_teacher_k5\0088\results.txt
SparseK5,0089,726,0.24275862068965517,0.24275862068965517,0.2571428571428572,0.2571428571428572,nan,2.307692739123013e-07,D:\instan\pano360\runs\sparse_teacher_k5\0089\results.txt
SparseK5,0090,1270,0.9385342789598109,0.9479905437352246,0.7692971593680814,0.7767270816916207,nan,4.5161300477047917e-07,D:\instan\pano360\runs\sparse_teacher_k5\0090\results.txt
SparseK5,0091,314,0.6741214057507987,0.6932907348242812,0.5580404685835996,0.5700593336376084,nan,4.897958660876611e-07,D:\instan\pano360\runs\sparse_teacher_k5\0091\results.txt
SparseK5,0092,601,0.3333333333333333,0.3333333333333333,0.29230158730158723,0.29230158730158723,nan,4.444441401574295e-07,D:\instan\pano360\runs\sparse_teacher_k5\0092\results.txt
SparseK5,0093,651,0.20153846153846153,0.20153846153846153,0.1991941391941392,0.1991941391941392,nan,2.0338984541012906e-07,D:\instan\pano360\runs\sparse_teacher_k5\0093\results.txt
SparseK5,0094,1001,0.037,0.037,0.07719047619047618,0.07719047619047618,nan,0.0,D:\instan\pano360\runs\sparse_teacher_k5\0094\results.txt
SparseK5,0095,521,0.6846153846153846,0.6846153846153846,0.6375457875457875,0.6375457875457875,nan,3.9622636904823594e-07,D:\instan\pano360\runs\sparse_teacher_k5\0095\results.txt
SparseK5,0096,1045,0.27490421455938696,0.2777777777777778,0.25022806057288816,0.2526455026455026,nan,1.1368683772161603e-13,D:\instan\pano360\runs\sparse_teacher_k5\0096\results.txt
SparseK5,0097,1840,0.6367591082109842,0.6373028820010875,0.580931665760377,0.5813459696004557,nan,3.6423841720534256e-07,D:\instan\pano360\runs\sparse_teacher_k5\0097\results.txt
SparseK5,0098,281,0.11428571428571428,0.11428571428571428,0.145578231292517,0.145578231292517,nan,2.7586202122620307e-07,D:\instan\pano360\runs\sparse_teacher_k5\0098\results.txt
SparseK5,0099,532,0.4858757062146893,0.4858757062146893,0.43646309748004664,0.43646309748004664,nan,3.546097104845103e-07,D:\instan\pano360\runs\sparse_teacher_k5\0099\results.txt
SparseK5,0100,425,0.025943396226415096,0.025943396226415096,0.07345013477088949,0.07401168014375561,nan,3.0434785003308207e-07,D:\instan\pano360\runs\sparse_teacher_k5\0100\results.txt
SparseK5,0101,800,0.8197747183979975,0.8197747183979975,0.696048632218845,0.696048632218845,nan,0.0,D:\instan\pano360\runs\sparse_teacher_k5\0101\results.txt
SparseK5,0102,611,0.3770491803278688,0.37868852459016394,0.3451209992193599,0.346760343481655,nan,1.8181799532612786e-07,D:\instan\pano360\runs\sparse_teacher_k5\0102\results.txt
SparseK5,0103,660,0.48710166919575115,0.48710166919575115,0.4377483922248717,0.4377483922248717,nan,4.827584234590176e-07,D:\instan\pano360\runs\sparse_teacher_k5\0103\results.txt
SparseK5,0104,652,0.7849462365591398,0.7849462365591398,0.6957793870236267,0.6957793870236267,nan,1.4685292626381852e-07,D:\instan\pano360\runs\sparse_teacher_k5\0104\results.txt
SparseK5,0105,981,0.9897959183673469,0.9938775510204082,0.8553935860058307,0.8583576287657919,nan,0.0,D:\instan\pano360\runs\sparse_teacher_k5\0105\results.txt
SparseK5,0106,680,0.09131075110456553,0.09131075110456553,0.12076583210603828,0.12076583210603828,nan,3.838861175609054e-07,D:\instan\pano360\runs\sparse_teacher_k5\0106\results.txt
SparseK5,0107,580,1.0,1.0,0.9055843408175015,0.9055843408175015,nan,1.818182226998033e-07,D:\instan\pano360\runs\sparse_teacher_k5\0107\results.txt
SparseK5,0108,581,0.5948275862068966,0.5982758620689655,0.5390804597701149,0.5419540229885057,nan,4.486874018994058e-07,D:\instan\pano360\runs\sparse_teacher_k5\0108\results.txt
SparseK5,0109,400,0.9774436090225563,0.9774436090225563,0.8944981501372479,0.8944981501372479,nan,1.4285706129157916e-07,D:\instan\pano360\runs\sparse_teacher_k5\0109\results.txt
SparseK5,0110,470,0.8059701492537313,0.8059701492537313,0.6921514874606559,0.6924560869123769,nan,0.0,D:\instan\pano360\runs\sparse_teacher_k5\0110\results.txt
SparseK5,0111,370,0.7777777777777778,0.7777777777777778,0.6526003355271648,0.6526003355271648,nan,1.5384603102575056e-07,D:\instan\pano360\runs\sparse_teacher_k5\0111\results.txt
SparseK5,0112,651,0.4153846153846154,0.4153846153846154,0.3797802197802198,0.3797802197802198,nan,3.589739208109677e-07,D:\instan\pano360\runs\sparse_teacher_k5\0112\results.txt
SparseK5,0113,310,0.7928802588996764,0.7928802588996764,0.6467868700878411,0.6467868700878411,nan,1.111111487261951e-07,D:\instan\pano360\runs\sparse_teacher_k5\0113\results.txt
SparseK5,0114,604,0.40630182421227196,0.4079601990049751,0.38205796414751636,0.38284766642975593,nan,8.526512829121202e-14,D:\instan\pano360\runs\sparse_teacher_k5\0114\results.txt
SparseK5,0115,350,0.3839541547277937,0.3839541547277937,0.3487515349979533,0.3497066448355846,nan,0.0,D:\instan\pano360\runs\sparse_teacher_k5\0115\results.txt
SparseK5,0116,531,0.8377358490566038,0.8377358490566038,0.7269541778975742,0.7271338724168913,nan,1.428572886652546e-07,D:\instan\pano360\runs\sparse_teacher_k5\0116\results.txt
SparseK5,0117,664,0.02865761689291101,0.02865761689291101,0.1024204553616318,0.11664152840623428,nan,2.3051404696161626e-07,D:\instan\pano360\runs\sparse_teacher_k5\0117\results.txt
SparseK5,0118,1315,0.5053272450532724,0.512937595129376,0.4697397985069219,0.4776038269188953,nan,1.8181816585638444e-07,D:\instan\pano360\runs\sparse_teacher_k5\0118\results.txt
SparseK5,0119,861,0.46395348837209305,0.4755813953488372,0.46699889258028787,0.4781284606866003,nan,4.615385478246026e-07,D:\instan\pano360\runs\sparse_teacher_k5\0119\results.txt
SparseK5,0120,1601,0.899375,0.9075,0.7649702380952382,0.771011904761905,nan,2.222222974523902e-07,D:\instan\pano360\runs\sparse_teacher_k5\0120\results.txt
